{"type":"FeatureCollection","features":[{"type":"Feature","properties":{"name":"Abu Dhabi"},"geometry":{"type":"MultiPolygon","coordinates":[[[[53.856,24.079],[53.866,24.081],[53.864,24.091],[53.855,24.089],[53.856,24.079]]],[[[53.161,24.109],[53.184,24.112],[53.19,24.118],[53.2,24.122],[53.199,24.125],[53.202,24.127],[53.203,24.125],[53.202,24.127],[53.205,24.128],[53.207,24.125],[53.209,24.126],[53.209,24.128],[53.21,24.127],[53.213,24.13],[53.207,24.136],[53.208,24.14],[53.206,24.138],[53.202,24.142],[53.201,24.147],[53.203,24.146],[53.203,24.147],[53.187,24.152],[53.19,24.158],[53.185,24.151],[53.191,24.16],[53.186,24.154],[53.184,24.153],[53.178,24.159],[53.179,24.16],[53.184,24.157],[53.184,24.158],[53.179,24.16],[53.175,24.159],[53.164,24.165],[53.165,24.171],[53.168,24.17],[53.165,24.171],[53.164,24.165],[53.157,24.164],[53.145,24.168],[53.145,24.17],[53.143,24.171],[53.147,24.174],[53.143,24.171],[53.137,24.171],[53.136,24.171],[53.135,24.17],[53.134,24.169],[53.133,24.175],[53.134,24.169],[53.131,24.168],[53.135,24.169],[53.137,24.171],[53.139,24.17],[53.139,24.168],[53.132,24.164],[53.128,24.164],[53.128,24.168],[53.125,24.165],[53.127,24.167],[53.129,24.164],[53.132,24.163],[53.13,24.156],[53.133,24.152],[53.134,24.145],[53.131,24.142],[53.122,24.139],[53.126,24.14],[53.125,24.138],[53.126,24.14],[53.134,24.144],[53.133,24.14],[53.128,24.134],[53.131,24.131],[53.126,24.132],[53.127,24.134],[53.123,24.133],[53.118,24.133],[53.12,24.134],[53.117,24.135],[53.109,24.135],[53.115,24.13],[53.117,24.131],[53.117,24.129],[53.121,24.127],[53.121,24.128],[53.124,24.13],[53.127,24.13],[53.126,24.126],[53.123,24.125],[53.125,24.124],[53.132,24.123],[53.134,24.129],[53.131,24.128],[53.128,24.13],[53.125,24.13],[53.122,24.129],[53.117,24.131],[53.12,24.131],[53.122,24.13],[53.124,24.131],[53.128,24.131],[53.131,24.129],[53.134,24.129],[53.133,24.123],[53.141,24.12],[53.161,24.109]]],[[[53.858,24.166],[53.853,24.17],[53.85,24.171],[53.85,24.167],[53.841,24.156],[53.842,24.151],[53.848,24.148],[53.852,24.156],[53.857,24.159],[53.865,24.16],[53.858,24.166]]],[[[54.084,24.162],[54.095,24.165],[54.1,24.164],[54.106,24.167],[54.106,24.17],[54.095,24.175],[54.09,24.175],[54.085,24.172],[54.081,24.167],[54.081,24.164],[54.084,24.162]]],[[[51.988,24.17],[51.99,24.17],[51.99,24.168],[51.991,24.171],[51.994,24.169],[51.995,24.167],[51.998,24.168],[52.001,24.165],[52.003,24.165],[52.003,24.169],[52,24.167],[51.998,24.169],[52.001,24.17],[52,24.178],[52.001,24.181],[52.002,24.18],[52.002,24.183],[52.002,24.185],[52.001,24.182],[51.998,24.183],[52,24.185],[51.999,24.189],[52.001,24.195],[51.999,24.206],[51.995,24.206],[51.993,24.208],[51.994,24.205],[51.992,24.202],[51.993,24.2],[51.99,24.194],[51.991,24.19],[51.988,24.183],[51.989,24.178],[51.986,24.173],[51.988,24.17]]],[[[52.778,24.181],[52.774,24.179],[52.773,24.174],[52.777,24.17],[52.78,24.171],[52.785,24.168],[52.785,24.166],[52.789,24.168],[52.784,24.173],[52.783,24.183],[52.782,24.184],[52.778,24.181]]],[[[53.534,24.204],[53.535,24.201],[53.532,24.199],[53.534,24.195],[53.533,24.193],[53.543,24.183],[53.544,24.188],[53.541,24.197],[53.542,24.2],[53.534,24.204]]],[[[53.428,24.196],[53.427,24.199],[53.423,24.199],[53.422,24.202],[53.422,24.204],[53.423,24.204],[53.423,24.202],[53.424,24.204],[53.424,24.211],[53.421,24.216],[53.415,24.219],[53.409,24.22],[53.388,24.217],[53.384,24.212],[53.387,24.204],[53.384,24.205],[53.381,24.211],[53.382,24.214],[53.385,24.217],[53.381,24.213],[53.381,24.209],[53.383,24.206],[53.401,24.193],[53.415,24.196],[53.432,24.194],[53.428,24.196]]],[[[53.817,24.229],[53.818,24.228],[53.816,24.225],[53.815,24.224],[53.813,24.225],[53.81,24.221],[53.806,24.216],[53.806,24.214],[53.809,24.213],[53.814,24.216],[53.817,24.219],[53.815,24.22],[53.816,24.222],[53.815,24.22],[53.817,24.219],[53.825,24.227],[53.824,24.228],[53.822,24.229],[53.822,24.228],[53.82,24.234],[53.819,24.23],[53.818,24.236],[53.816,24.24],[53.817,24.238],[53.816,24.239],[53.815,24.237],[53.814,24.239],[53.814,24.237],[53.817,24.229]]],[[[53.818,24.243],[53.817,24.239],[53.821,24.235],[53.822,24.229],[53.824,24.228],[53.825,24.227],[53.826,24.23],[53.828,24.23],[53.828,24.234],[53.825,24.242],[53.824,24.244],[53.826,24.239],[53.824,24.243],[53.823,24.238],[53.824,24.244],[53.822,24.245],[53.819,24.242],[53.823,24.235],[53.822,24.235],[53.823,24.233],[53.818,24.243]]],[[[51.535,24.415],[51.534,24.413],[51.538,24.41],[51.536,24.409],[51.533,24.41],[51.534,24.407],[51.532,24.408],[51.532,24.406],[51.536,24.401],[51.538,24.407],[51.543,24.408],[51.545,24.407],[51.544,24.408],[51.548,24.41],[51.551,24.408],[51.555,24.403],[51.554,24.402],[51.563,24.4],[51.565,24.399],[51.561,24.403],[51.556,24.404],[51.552,24.41],[51.552,24.413],[51.554,24.415],[51.553,24.418],[51.555,24.418],[51.557,24.416],[51.558,24.417],[51.558,24.42],[51.551,24.42],[51.546,24.425],[51.544,24.42],[51.543,24.421],[51.541,24.419],[51.541,24.417],[51.54,24.418],[51.541,24.415],[51.539,24.416],[51.539,24.415],[51.537,24.414],[51.535,24.415]]],[[[52,24.215],[52,24.214],[52.001,24.216],[52.002,24.215],[52.001,24.214],[52.004,24.214],[52.005,24.211],[52.009,24.208],[52.012,24.212],[52.011,24.209],[52.014,24.216],[52.018,24.218],[52.023,24.227],[52.025,24.232],[52.023,24.236],[52.024,24.239],[52.023,24.242],[52.026,24.245],[52.022,24.247],[52.022,24.253],[52.02,24.255],[52.017,24.254],[52.013,24.257],[52.003,24.248],[52,24.241],[52.002,24.237],[52.001,24.226],[51.997,24.222],[51.998,24.219],[51.996,24.217],[52,24.215]]],[[[54.326,24.258],[54.322,24.247],[54.319,24.247],[54.32,24.245],[54.317,24.244],[54.312,24.245],[54.308,24.243],[54.326,24.245],[54.354,24.252],[54.347,24.254],[54.344,24.257],[54.351,24.258],[54.351,24.259],[54.343,24.258],[54.338,24.264],[54.334,24.267],[54.325,24.268],[54.322,24.265],[54.322,24.262],[54.326,24.26],[54.326,24.258]]],[[[53.789,24.231],[53.776,24.227],[53.777,24.231],[53.803,24.247],[53.78,24.233],[53.773,24.23],[53.77,24.231],[53.769,24.233],[53.763,24.234],[53.758,24.237],[53.773,24.249],[53.758,24.237],[53.746,24.238],[53.741,24.237],[53.739,24.24],[53.732,24.238],[53.733,24.237],[53.732,24.235],[53.717,24.224],[53.708,24.219],[53.701,24.218],[53.713,24.212],[53.715,24.209],[53.712,24.207],[53.702,24.216],[53.7,24.215],[53.7,24.216],[53.683,24.201],[53.673,24.196],[53.671,24.193],[53.657,24.188],[53.644,24.186],[53.634,24.18],[53.625,24.172],[53.623,24.167],[53.643,24.147],[53.656,24.154],[53.664,24.152],[53.675,24.161],[53.681,24.161],[53.685,24.16],[53.688,24.154],[53.707,24.147],[53.709,24.144],[53.721,24.139],[53.733,24.13],[53.737,24.131],[53.741,24.131],[53.748,24.127],[53.762,24.129],[53.778,24.12],[53.782,24.124],[53.783,24.127],[53.785,24.128],[53.79,24.129],[53.793,24.127],[53.805,24.129],[53.812,24.128],[53.831,24.137],[53.83,24.146],[53.834,24.153],[53.834,24.161],[53.847,24.18],[53.851,24.178],[53.852,24.175],[53.852,24.174],[53.857,24.171],[53.881,24.148],[53.878,24.147],[53.869,24.155],[53.862,24.158],[53.855,24.157],[53.858,24.154],[53.857,24.153],[53.854,24.156],[53.852,24.154],[53.853,24.153],[53.852,24.153],[53.853,24.15],[53.85,24.15],[53.849,24.149],[53.855,24.149],[53.856,24.145],[53.862,24.142],[53.865,24.145],[53.863,24.148],[53.888,24.138],[53.902,24.135],[53.908,24.128],[53.909,24.122],[53.907,24.12],[53.911,24.121],[53.909,24.13],[53.914,24.13],[53.913,24.129],[53.914,24.129],[53.915,24.13],[53.915,24.13],[53.911,24.131],[53.895,24.146],[53.899,24.149],[53.9,24.148],[53.901,24.149],[53.914,24.138],[53.93,24.129],[53.953,24.14],[53.97,24.154],[53.966,24.162],[53.964,24.163],[53.961,24.161],[53.96,24.164],[53.948,24.153],[53.946,24.154],[53.971,24.176],[53.97,24.178],[53.971,24.176],[53.972,24.181],[53.971,24.18],[53.973,24.182],[53.972,24.182],[53.97,24.186],[53.966,24.188],[53.965,24.187],[53.968,24.186],[53.97,24.184],[53.967,24.183],[53.965,24.185],[53.962,24.189],[53.962,24.191],[53.957,24.198],[53.958,24.199],[53.956,24.198],[53.951,24.204],[53.956,24.201],[53.957,24.199],[53.958,24.199],[53.957,24.2],[53.948,24.206],[53.937,24.21],[53.945,24.223],[53.943,24.223],[53.937,24.211],[53.931,24.212],[53.926,24.212],[53.922,24.209],[53.909,24.211],[53.903,24.213],[53.891,24.221],[53.876,24.225],[53.862,24.239],[53.856,24.248],[53.858,24.249],[53.856,24.25],[53.854,24.261],[53.86,24.264],[53.864,24.264],[53.868,24.266],[53.873,24.258],[53.87,24.254],[53.867,24.254],[53.868,24.252],[53.877,24.261],[53.877,24.265],[53.875,24.264],[53.872,24.264],[53.864,24.271],[53.849,24.273],[53.848,24.274],[53.844,24.264],[53.839,24.258],[53.835,24.257],[53.834,24.253],[53.829,24.249],[53.825,24.249],[53.824,24.245],[53.827,24.238],[53.828,24.235],[53.828,24.23],[53.826,24.225],[53.819,24.217],[53.813,24.213],[53.806,24.212],[53.807,24.209],[53.805,24.209],[53.815,24.192],[53.813,24.191],[53.816,24.188],[53.815,24.187],[53.808,24.191],[53.803,24.197],[53.799,24.206],[53.798,24.217],[53.799,24.219],[53.802,24.218],[53.802,24.222],[53.803,24.221],[53.804,24.223],[53.806,24.223],[53.805,24.224],[53.809,24.232],[53.811,24.232],[53.812,24.238],[53.819,24.246],[53.82,24.248],[53.819,24.249],[53.821,24.249],[53.822,24.255],[53.819,24.26],[53.813,24.263],[53.815,24.261],[53.813,24.258],[53.816,24.261],[53.819,24.259],[53.82,24.256],[53.82,24.249],[53.818,24.249],[53.818,24.252],[53.804,24.248],[53.798,24.243],[53.799,24.238],[53.798,24.234],[53.789,24.231]]],[[[54.447,24.33],[54.449,24.334],[54.45,24.334],[54.449,24.336],[54.451,24.342],[54.453,24.343],[54.451,24.343],[54.452,24.348],[54.444,24.35],[54.439,24.345],[54.437,24.335],[54.439,24.331],[54.447,24.33]]],[[[54.421,24.296],[54.423,24.3],[54.418,24.304],[54.394,24.298],[54.385,24.309],[54.381,24.308],[54.381,24.305],[54.386,24.298],[54.389,24.296],[54.392,24.296],[54.396,24.293],[54.408,24.292],[54.421,24.296]]],[[[54.237,24.258],[54.246,24.251],[54.237,24.259],[54.241,24.261],[54.245,24.269],[54.245,24.272],[54.247,24.273],[54.249,24.277],[54.252,24.279],[54.261,24.277],[54.277,24.269],[54.284,24.268],[54.289,24.271],[54.299,24.269],[54.297,24.269],[54.292,24.279],[54.272,24.305],[54.265,24.311],[54.268,24.303],[54.265,24.303],[54.265,24.307],[54.252,24.32],[54.253,24.322],[54.252,24.321],[54.246,24.327],[54.245,24.33],[54.238,24.34],[54.24,24.34],[54.239,24.341],[54.235,24.345],[54.229,24.345],[54.226,24.347],[54.225,24.349],[54.22,24.352],[54.22,24.355],[54.216,24.358],[54.169,24.333],[54.214,24.355],[54.218,24.355],[54.199,24.34],[54.192,24.337],[54.181,24.335],[54.171,24.329],[54.166,24.32],[54.165,24.31],[54.166,24.308],[54.171,24.307],[54.176,24.301],[54.184,24.303],[54.195,24.298],[54.195,24.296],[54.197,24.296],[54.201,24.292],[54.204,24.282],[54.213,24.267],[54.217,24.265],[54.227,24.258],[54.237,24.258]]],[[[52.595,24.266],[52.591,24.269],[52.588,24.262],[52.589,24.264],[52.591,24.263],[52.59,24.261],[52.587,24.26],[52.586,24.257],[52.586,24.254],[52.588,24.252],[52.594,24.249],[52.606,24.254],[52.609,24.257],[52.607,24.265],[52.608,24.267],[52.602,24.263],[52.6,24.256],[52.598,24.258],[52.599,24.262],[52.597,24.263],[52.595,24.266]]],[[[53.815,24.277],[53.814,24.278],[53.814,24.268],[53.816,24.264],[53.818,24.266],[53.817,24.268],[53.818,24.271],[53.827,24.278],[53.872,24.29],[53.872,24.288],[53.873,24.289],[53.872,24.291],[53.871,24.291],[53.853,24.287],[53.852,24.289],[53.853,24.289],[53.851,24.29],[53.82,24.283],[53.82,24.279],[53.817,24.278],[53.818,24.274],[53.815,24.277]]],[[[53.268,24.275],[53.269,24.276],[53.27,24.275],[53.27,24.276],[53.269,24.282],[53.271,24.285],[53.274,24.286],[53.273,24.287],[53.277,24.289],[53.278,24.288],[53.277,24.289],[53.278,24.29],[53.283,24.291],[53.285,24.29],[53.288,24.288],[53.297,24.283],[53.298,24.283],[53.301,24.282],[53.297,24.283],[53.299,24.284],[53.302,24.282],[53.308,24.282],[53.307,24.28],[53.309,24.282],[53.309,24.28],[53.319,24.272],[53.323,24.265],[53.327,24.262],[53.331,24.263],[53.324,24.265],[53.327,24.266],[53.331,24.263],[53.334,24.26],[53.335,24.262],[53.338,24.262],[53.334,24.262],[53.333,24.264],[53.329,24.278],[53.328,24.285],[53.33,24.292],[53.336,24.301],[53.336,24.305],[53.337,24.308],[53.338,24.306],[53.342,24.309],[53.342,24.306],[53.34,24.306],[53.343,24.306],[53.344,24.304],[53.347,24.302],[53.349,24.303],[53.342,24.309],[53.344,24.308],[53.34,24.314],[53.337,24.315],[53.331,24.315],[53.329,24.313],[53.324,24.313],[53.323,24.312],[53.314,24.312],[53.314,24.307],[53.312,24.311],[53.305,24.311],[53.307,24.313],[53.303,24.313],[53.303,24.314],[53.299,24.313],[53.301,24.312],[53.301,24.311],[53.294,24.309],[53.271,24.306],[53.27,24.304],[53.258,24.301],[53.256,24.302],[53.247,24.296],[53.239,24.293],[53.235,24.293],[53.233,24.294],[53.228,24.295],[53.227,24.298],[53.225,24.293],[53.223,24.291],[53.229,24.29],[53.23,24.289],[53.225,24.283],[53.227,24.281],[53.233,24.281],[53.241,24.278],[53.245,24.273],[53.244,24.269],[53.253,24.269],[53.259,24.267],[53.266,24.267],[53.266,24.27],[53.264,24.269],[53.268,24.275]]],[[[53.197,24.312],[53.191,24.312],[53.19,24.309],[53.187,24.307],[53.186,24.303],[53.188,24.297],[53.187,24.296],[53.189,24.294],[53.191,24.291],[53.194,24.29],[53.195,24.286],[53.198,24.285],[53.212,24.286],[53.215,24.288],[53.211,24.288],[53.214,24.291],[53.214,24.294],[53.213,24.291],[53.213,24.293],[53.214,24.294],[53.215,24.298],[53.204,24.301],[53.203,24.303],[53.204,24.304],[53.203,24.306],[53.197,24.312]]],[[[53.086,24.319],[53.09,24.317],[53.096,24.318],[53.102,24.313],[53.096,24.319],[53.106,24.311],[53.103,24.316],[53.097,24.317],[53.101,24.317],[53.097,24.321],[53.099,24.32],[53.097,24.322],[53.097,24.329],[53.091,24.343],[53.076,24.336],[53.077,24.331],[53.074,24.327],[53.076,24.325],[53.081,24.321],[53.086,24.319]]],[[[54.193,24.365],[54.195,24.365],[54.196,24.366],[54.195,24.364],[54.197,24.364],[54.198,24.365],[54.196,24.369],[54.197,24.371],[54.2,24.375],[54.204,24.377],[54.217,24.371],[54.227,24.37],[54.226,24.371],[54.228,24.371],[54.23,24.368],[54.225,24.368],[54.232,24.368],[54.245,24.36],[54.251,24.359],[54.259,24.352],[54.263,24.352],[54.265,24.35],[54.27,24.352],[54.269,24.355],[54.261,24.365],[54.256,24.37],[54.254,24.37],[54.254,24.372],[54.247,24.376],[54.243,24.386],[54.245,24.388],[54.243,24.391],[54.243,24.398],[54.245,24.398],[54.247,24.401],[54.255,24.403],[54.257,24.41],[54.256,24.412],[54.26,24.414],[54.254,24.415],[54.245,24.413],[54.244,24.414],[54.244,24.412],[54.24,24.41],[54.233,24.4],[54.22,24.389],[54.207,24.383],[54.2,24.382],[54.191,24.372],[54.19,24.367],[54.192,24.368],[54.191,24.366],[54.193,24.364],[54.193,24.365]]],[[[54.316,24.319],[54.322,24.322],[54.326,24.323],[54.326,24.329],[54.333,24.344],[54.347,24.352],[54.353,24.353],[54.341,24.363],[54.338,24.368],[54.339,24.372],[54.338,24.368],[54.334,24.368],[54.331,24.372],[54.334,24.375],[54.33,24.373],[54.32,24.385],[54.314,24.387],[54.313,24.389],[54.314,24.387],[54.315,24.388],[54.311,24.393],[54.311,24.395],[54.301,24.397],[54.295,24.397],[54.294,24.399],[54.292,24.398],[54.293,24.393],[54.289,24.385],[54.29,24.382],[54.293,24.379],[54.298,24.378],[54.3,24.378],[54.308,24.375],[54.315,24.369],[54.316,24.364],[54.315,24.364],[54.313,24.361],[54.311,24.362],[54.311,24.359],[54.31,24.365],[54.307,24.371],[54.298,24.377],[54.295,24.378],[54.295,24.373],[54.293,24.371],[54.29,24.373],[54.292,24.369],[54.293,24.369],[54.296,24.368],[54.295,24.364],[54.294,24.364],[54.293,24.356],[54.291,24.357],[54.291,24.352],[54.289,24.35],[54.288,24.347],[54.295,24.343],[54.299,24.334],[54.295,24.332],[54.299,24.334],[54.302,24.33],[54.304,24.323],[54.315,24.309],[54.314,24.316],[54.316,24.319]]],[[[54.377,24.372],[54.381,24.371],[54.384,24.372],[54.388,24.377],[54.387,24.381],[54.384,24.385],[54.377,24.381],[54.375,24.381],[54.37,24.377],[54.371,24.376],[54.369,24.374],[54.371,24.374],[54.37,24.37],[54.377,24.372]]],[[[52.553,24.304],[52.553,24.298],[52.554,24.298],[52.558,24.292],[52.57,24.278],[52.57,24.275],[52.571,24.275],[52.583,24.261],[52.585,24.261],[52.59,24.27],[52.582,24.278],[52.587,24.273],[52.592,24.272],[52.587,24.274],[52.582,24.279],[52.583,24.28],[52.592,24.272],[52.598,24.264],[52.597,24.264],[52.599,24.262],[52.602,24.264],[52.604,24.268],[52.606,24.266],[52.606,24.268],[52.609,24.271],[52.605,24.269],[52.608,24.272],[52.611,24.272],[52.608,24.273],[52.61,24.277],[52.615,24.281],[52.621,24.283],[52.623,24.282],[52.621,24.276],[52.618,24.275],[52.613,24.276],[52.62,24.272],[52.622,24.273],[52.627,24.283],[52.629,24.285],[52.628,24.286],[52.63,24.292],[52.636,24.297],[52.635,24.291],[52.633,24.291],[52.634,24.289],[52.633,24.289],[52.634,24.288],[52.637,24.297],[52.642,24.3],[52.641,24.302],[52.635,24.299],[52.629,24.291],[52.627,24.292],[52.627,24.294],[52.619,24.286],[52.627,24.294],[52.627,24.293],[52.63,24.293],[52.635,24.299],[52.642,24.302],[52.645,24.314],[52.644,24.321],[52.647,24.326],[52.647,24.337],[52.649,24.333],[52.649,24.319],[52.649,24.312],[52.647,24.312],[52.65,24.312],[52.649,24.336],[52.64,24.355],[52.63,24.369],[52.622,24.373],[52.612,24.372],[52.611,24.373],[52.601,24.371],[52.601,24.367],[52.599,24.367],[52.599,24.37],[52.599,24.368],[52.592,24.367],[52.592,24.366],[52.584,24.362],[52.578,24.365],[52.567,24.357],[52.563,24.353],[52.558,24.344],[52.559,24.343],[52.56,24.346],[52.552,24.313],[52.553,24.304]]],[[[54.441,24.373],[54.459,24.369],[54.461,24.38],[54.458,24.391],[54.419,24.404],[54.398,24.396],[54.441,24.373]]],[[[54.325,24.434],[54.328,24.418],[54.329,24.416],[54.336,24.415],[54.341,24.416],[54.345,24.415],[54.347,24.413],[54.36,24.409],[54.381,24.4],[54.397,24.396],[54.417,24.405],[54.364,24.422],[54.342,24.44],[54.329,24.442],[54.328,24.445],[54.326,24.446],[54.323,24.445],[54.325,24.434]]],[[[52.855,24.921],[52.857,24.916],[52.857,24.925],[52.859,24.923],[52.857,24.925],[52.856,24.925],[52.854,24.927],[52.856,24.929],[52.858,24.928],[52.858,24.926],[52.861,24.924],[52.858,24.926],[52.86,24.928],[52.86,24.929],[52.852,24.937],[52.851,24.943],[52.849,24.945],[52.847,24.941],[52.843,24.938],[52.847,24.935],[52.85,24.934],[52.855,24.921]]],[[[52.403,24.945],[52.406,24.95],[52.404,24.952],[52.405,24.953],[52.407,24.951],[52.407,24.952],[52.4,24.959],[52.399,24.963],[52.395,24.966],[52.393,24.964],[52.395,24.954],[52.403,24.945]]],[[[52.88,25.14],[52.88,25.142],[52.881,25.141],[52.88,25.147],[52.88,25.16],[52.879,25.162],[52.868,25.163],[52.867,25.161],[52.867,25.153],[52.87,25.149],[52.871,25.144],[52.88,25.14]]],[[[54.198,25.234],[54.199,25.23],[54.202,25.224],[54.207,25.218],[54.228,25.217],[54.241,25.212],[54.238,25.218],[54.239,25.219],[54.237,25.218],[54.235,25.219],[54.236,25.221],[54.239,25.22],[54.238,25.237],[54.234,25.245],[54.227,25.251],[54.215,25.252],[54.203,25.246],[54.199,25.24],[54.198,25.234]]],[[[54.89,24.911],[54.885,24.909],[54.884,24.907],[54.881,24.906],[54.881,24.905],[54.881,24.906],[54.881,24.905],[54.879,24.906],[54.885,24.91],[54.879,24.906],[54.878,24.904],[54.871,24.9],[54.872,24.897],[54.867,24.897],[54.869,24.899],[54.864,24.898],[54.859,24.894],[54.855,24.893],[54.857,24.892],[54.855,24.889],[54.852,24.889],[54.852,24.89],[54.851,24.889],[54.852,24.884],[54.868,24.868],[54.885,24.864],[54.889,24.865],[54.894,24.861],[54.898,24.86],[54.898,24.858],[54.896,24.86],[54.894,24.859],[54.895,24.855],[54.897,24.855],[54.899,24.857],[54.898,24.855],[54.894,24.854],[54.889,24.846],[54.893,24.855],[54.893,24.859],[54.89,24.862],[54.867,24.868],[54.846,24.888],[54.848,24.89],[54.846,24.889],[54.847,24.891],[54.845,24.89],[54.846,24.892],[54.845,24.89],[54.846,24.892],[54.844,24.892],[54.843,24.895],[54.845,24.896],[54.848,24.895],[54.844,24.897],[54.84,24.896],[54.835,24.891],[54.84,24.887],[54.843,24.886],[54.841,24.882],[54.828,24.87],[54.826,24.87],[54.825,24.872],[54.823,24.869],[54.826,24.867],[54.822,24.865],[54.82,24.865],[54.819,24.864],[54.82,24.863],[54.815,24.861],[54.812,24.857],[54.811,24.858],[54.812,24.86],[54.81,24.857],[54.806,24.858],[54.806,24.861],[54.808,24.862],[54.806,24.871],[54.808,24.862],[54.806,24.861],[54.806,24.857],[54.798,24.855],[54.795,24.855],[54.794,24.857],[54.796,24.854],[54.794,24.852],[54.792,24.851],[54.791,24.853],[54.789,24.853],[54.791,24.852],[54.79,24.85],[54.789,24.851],[54.788,24.85],[54.788,24.852],[54.788,24.85],[54.786,24.85],[54.785,24.848],[54.783,24.848],[54.785,24.851],[54.781,24.848],[54.783,24.849],[54.783,24.847],[54.779,24.846],[54.781,24.849],[54.778,24.847],[54.779,24.845],[54.773,24.844],[54.771,24.845],[54.768,24.855],[54.77,24.86],[54.765,24.86],[54.765,24.847],[54.762,24.839],[54.766,24.835],[54.765,24.832],[54.767,24.832],[54.765,24.834],[54.766,24.834],[54.768,24.831],[54.771,24.831],[54.773,24.832],[54.772,24.834],[54.774,24.837],[54.779,24.839],[54.781,24.837],[54.77,24.826],[54.766,24.828],[54.765,24.826],[54.766,24.823],[54.769,24.823],[54.766,24.824],[54.766,24.826],[54.767,24.827],[54.773,24.823],[54.78,24.823],[54.782,24.828],[54.787,24.829],[54.789,24.827],[54.782,24.82],[54.781,24.822],[54.778,24.82],[54.781,24.821],[54.782,24.82],[54.777,24.814],[54.77,24.814],[54.771,24.812],[54.777,24.812],[54.78,24.807],[54.783,24.809],[54.786,24.807],[54.786,24.801],[54.779,24.796],[54.772,24.806],[54.779,24.796],[54.77,24.786],[54.76,24.79],[54.755,24.794],[54.761,24.789],[54.769,24.785],[54.77,24.784],[54.764,24.775],[54.749,24.767],[54.747,24.77],[54.751,24.78],[54.752,24.78],[54.751,24.784],[54.754,24.783],[54.751,24.785],[54.746,24.791],[54.747,24.803],[54.752,24.803],[54.748,24.803],[54.747,24.805],[54.75,24.803],[54.749,24.807],[54.758,24.806],[54.756,24.803],[54.766,24.802],[54.769,24.804],[54.765,24.807],[54.767,24.81],[54.77,24.811],[54.766,24.815],[54.762,24.812],[54.767,24.81],[54.765,24.807],[54.754,24.81],[54.753,24.812],[54.759,24.812],[54.754,24.814],[54.754,24.816],[54.758,24.814],[54.764,24.819],[54.765,24.817],[54.765,24.819],[54.764,24.821],[54.763,24.819],[54.759,24.816],[54.754,24.816],[54.753,24.817],[54.754,24.82],[54.756,24.821],[54.758,24.819],[54.759,24.819],[54.757,24.823],[54.758,24.828],[54.747,24.832],[54.747,24.834],[54.753,24.831],[54.749,24.836],[54.754,24.832],[54.761,24.83],[54.762,24.836],[54.756,24.836],[54.746,24.838],[54.746,24.837],[54.744,24.827],[54.738,24.818],[54.741,24.814],[54.741,24.806],[54.747,24.803],[54.746,24.797],[54.74,24.801],[54.732,24.803],[54.732,24.801],[54.73,24.802],[54.731,24.803],[54.722,24.807],[54.714,24.815],[54.709,24.814],[54.705,24.802],[54.703,24.8],[54.674,24.813],[54.681,24.819],[54.68,24.828],[54.665,24.844],[54.679,24.828],[54.68,24.819],[54.679,24.818],[54.678,24.819],[54.672,24.814],[54.673,24.813],[54.654,24.798],[54.674,24.813],[54.702,24.8],[54.702,24.798],[54.701,24.798],[54.701,24.799],[54.688,24.806],[54.7,24.799],[54.701,24.795],[54.697,24.79],[54.687,24.792],[54.686,24.79],[54.676,24.791],[54.676,24.788],[54.694,24.786],[54.693,24.784],[54.687,24.775],[54.682,24.771],[54.679,24.77],[54.682,24.768],[54.681,24.766],[54.678,24.769],[54.676,24.765],[54.669,24.757],[54.665,24.758],[54.663,24.757],[54.665,24.758],[54.675,24.755],[54.679,24.759],[54.676,24.754],[54.677,24.754],[54.68,24.757],[54.679,24.756],[54.68,24.756],[54.677,24.753],[54.665,24.757],[54.662,24.755],[54.667,24.756],[54.668,24.752],[54.67,24.755],[54.677,24.752],[54.683,24.748],[54.674,24.739],[54.67,24.74],[54.672,24.739],[54.67,24.738],[54.662,24.738],[54.645,24.728],[54.645,24.729],[54.643,24.73],[54.644,24.733],[54.636,24.727],[54.637,24.723],[54.633,24.719],[54.635,24.72],[54.636,24.719],[54.636,24.721],[54.638,24.723],[54.641,24.72],[54.647,24.716],[54.638,24.724],[54.64,24.725],[54.645,24.725],[54.647,24.723],[54.65,24.723],[54.649,24.724],[54.653,24.723],[54.656,24.724],[54.662,24.721],[54.657,24.725],[54.657,24.728],[54.66,24.733],[54.664,24.73],[54.664,24.727],[54.667,24.723],[54.663,24.72],[54.665,24.719],[54.665,24.717],[54.664,24.717],[54.666,24.716],[54.666,24.705],[54.667,24.705],[54.666,24.705],[54.666,24.703],[54.663,24.703],[54.661,24.706],[54.652,24.706],[54.648,24.702],[54.653,24.702],[54.653,24.704],[54.659,24.704],[54.659,24.701],[54.651,24.7],[54.653,24.695],[54.655,24.696],[54.653,24.695],[54.66,24.694],[54.664,24.692],[54.666,24.687],[54.662,24.684],[54.662,24.685],[54.661,24.685],[54.662,24.684],[54.659,24.682],[54.66,24.677],[54.661,24.676],[54.683,24.668],[54.685,24.663],[54.681,24.657],[54.674,24.654],[54.665,24.653],[54.653,24.637],[54.637,24.623],[54.636,24.614],[54.647,24.599],[54.646,24.586],[54.633,24.555],[54.615,24.546],[54.629,24.537],[54.626,24.537],[54.62,24.541],[54.62,24.542],[54.616,24.545],[54.614,24.544],[54.613,24.543],[54.615,24.543],[54.62,24.54],[54.617,24.531],[54.608,24.522],[54.606,24.525],[54.606,24.524],[54.605,24.524],[54.606,24.526],[54.603,24.526],[54.604,24.522],[54.606,24.521],[54.604,24.521],[54.606,24.517],[54.627,24.513],[54.632,24.51],[54.63,24.512],[54.633,24.513],[54.634,24.51],[54.632,24.51],[54.634,24.501],[54.636,24.5],[54.636,24.498],[54.634,24.498],[54.635,24.489],[54.634,24.486],[54.61,24.475],[54.613,24.469],[54.611,24.454],[54.614,24.45],[54.605,24.448],[54.591,24.446],[54.587,24.443],[54.582,24.443],[54.578,24.441],[54.575,24.443],[54.575,24.441],[54.574,24.441],[54.574,24.443],[54.572,24.443],[54.574,24.444],[54.572,24.445],[54.566,24.443],[54.567,24.44],[54.573,24.441],[54.573,24.44],[54.567,24.439],[54.567,24.437],[54.567,24.439],[54.567,24.437],[54.565,24.438],[54.564,24.436],[54.562,24.437],[54.562,24.436],[54.561,24.438],[54.557,24.438],[54.557,24.44],[54.544,24.436],[54.545,24.434],[54.557,24.438],[54.546,24.434],[54.544,24.434],[54.543,24.437],[54.539,24.435],[54.54,24.432],[54.538,24.432],[54.539,24.433],[54.539,24.434],[54.536,24.434],[54.529,24.432],[54.529,24.43],[54.537,24.431],[54.529,24.429],[54.528,24.431],[54.52,24.428],[54.521,24.424],[54.525,24.426],[54.522,24.424],[54.493,24.425],[54.489,24.424],[54.487,24.422],[54.488,24.417],[54.49,24.413],[54.49,24.405],[54.52,24.396],[54.489,24.404],[54.484,24.399],[54.485,24.398],[54.48,24.397],[54.48,24.395],[54.49,24.392],[54.489,24.392],[54.49,24.39],[54.499,24.389],[54.499,24.387],[54.493,24.387],[54.493,24.385],[54.505,24.385],[54.505,24.388],[54.499,24.388],[54.5,24.39],[54.503,24.39],[54.504,24.392],[54.515,24.392],[54.517,24.392],[54.518,24.386],[54.522,24.386],[54.522,24.385],[54.518,24.384],[54.518,24.383],[54.512,24.383],[54.512,24.385],[54.503,24.383],[54.501,24.384],[54.495,24.384],[54.494,24.383],[54.487,24.383],[54.48,24.382],[54.468,24.383],[54.466,24.379],[54.467,24.364],[54.465,24.365],[54.463,24.364],[54.457,24.344],[54.458,24.336],[54.461,24.331],[54.455,24.334],[54.451,24.321],[54.453,24.316],[54.459,24.313],[54.468,24.315],[54.47,24.314],[54.494,24.316],[54.494,24.315],[54.515,24.316],[54.514,24.314],[54.489,24.313],[54.488,24.312],[54.488,24.304],[54.448,24.302],[54.436,24.288],[54.415,24.271],[54.384,24.257],[54.323,24.242],[54.288,24.238],[54.288,24.24],[54.301,24.242],[54.294,24.246],[54.291,24.244],[54.279,24.244],[54.275,24.241],[54.27,24.241],[54.269,24.239],[54.26,24.238],[54.269,24.231],[54.265,24.231],[54.263,24.23],[54.256,24.229],[54.252,24.23],[54.25,24.233],[54.244,24.234],[54.241,24.232],[54.244,24.23],[54.242,24.23],[54.244,24.227],[54.24,24.231],[54.238,24.229],[54.233,24.231],[54.225,24.238],[54.211,24.241],[54.205,24.248],[54.195,24.256],[54.184,24.268],[54.181,24.269],[54.177,24.274],[54.179,24.275],[54.178,24.278],[54.176,24.277],[54.174,24.278],[54.169,24.283],[54.173,24.282],[54.167,24.29],[54.165,24.296],[54.159,24.299],[54.156,24.303],[54.154,24.304],[54.15,24.308],[54.148,24.316],[54.15,24.328],[54.145,24.328],[54.134,24.323],[54.132,24.327],[54.133,24.322],[54.128,24.328],[54.133,24.322],[54.13,24.325],[54.132,24.322],[54.131,24.32],[54.128,24.323],[54.13,24.32],[54.101,24.299],[54.094,24.295],[54.089,24.296],[54.091,24.291],[54.096,24.288],[54.099,24.282],[54.103,24.281],[54.102,24.279],[54.103,24.276],[54.096,24.276],[54.107,24.269],[54.102,24.264],[54.1,24.266],[54.097,24.266],[54.097,24.263],[54.103,24.262],[54.105,24.263],[54.104,24.264],[54.106,24.264],[54.105,24.265],[54.102,24.263],[54.105,24.267],[54.11,24.267],[54.117,24.259],[54.118,24.26],[54.134,24.252],[54.14,24.251],[54.144,24.246],[54.149,24.243],[54.152,24.238],[54.147,24.239],[54.145,24.241],[54.144,24.24],[54.142,24.241],[54.141,24.24],[54.139,24.24],[54.135,24.245],[54.129,24.246],[54.124,24.251],[54.117,24.253],[54.113,24.249],[54.114,24.247],[54.121,24.247],[54.126,24.243],[54.123,24.242],[54.119,24.247],[54.114,24.245],[54.111,24.252],[54.106,24.254],[54.103,24.253],[54.103,24.251],[54.101,24.251],[54.103,24.248],[54.109,24.243],[54.106,24.24],[54.104,24.243],[54.098,24.244],[54.098,24.24],[54.096,24.238],[54.098,24.24],[54.103,24.235],[54.105,24.236],[54.108,24.234],[54.111,24.23],[54.118,24.232],[54.122,24.229],[54.128,24.23],[54.135,24.229],[54.139,24.225],[54.138,24.22],[54.131,24.22],[54.131,24.217],[54.125,24.214],[54.121,24.214],[54.122,24.213],[54.119,24.213],[54.118,24.214],[54.116,24.213],[54.114,24.215],[54.105,24.217],[54.101,24.221],[54.097,24.225],[54.095,24.228],[54.096,24.231],[54.091,24.229],[54.081,24.228],[54.084,24.229],[54.076,24.229],[54.072,24.23],[54.072,24.223],[54.078,24.216],[54.074,24.216],[54.085,24.213],[54.09,24.209],[54.095,24.206],[54.098,24.204],[54.097,24.199],[54.069,24.21],[54.061,24.211],[54.06,24.209],[54.064,24.204],[54.071,24.201],[54.066,24.201],[54.07,24.201],[54.074,24.198],[54.078,24.185],[54.073,24.183],[54.07,24.192],[54.07,24.199],[54.057,24.196],[54.052,24.199],[54.048,24.203],[54.043,24.202],[54.042,24.204],[54.031,24.2],[54.041,24.203],[54.043,24.198],[54.04,24.197],[54.035,24.199],[54.031,24.199],[54.03,24.2],[54.022,24.195],[54.021,24.192],[54.016,24.19],[54.017,24.185],[54.02,24.182],[54.02,24.18],[54.027,24.175],[54.036,24.175],[54.047,24.172],[54.052,24.168],[54.052,24.163],[54.066,24.164],[54.081,24.176],[54.078,24.177],[54.073,24.182],[54.079,24.185],[54.082,24.178],[54.099,24.184],[54.098,24.188],[54.101,24.19],[54.1,24.192],[54.097,24.198],[54.098,24.203],[54.105,24.199],[54.107,24.193],[54.11,24.191],[54.109,24.19],[54.121,24.193],[54.126,24.196],[54.13,24.196],[54.129,24.199],[54.125,24.204],[54.116,24.21],[54.117,24.212],[54.123,24.213],[54.132,24.217],[54.141,24.21],[54.147,24.207],[54.146,24.2],[54.147,24.196],[54.153,24.198],[54.165,24.196],[54.173,24.197],[54.175,24.188],[54.167,24.183],[54.157,24.182],[54.151,24.18],[54.149,24.178],[54.149,24.174],[54.138,24.174],[54.133,24.172],[54.131,24.168],[54.134,24.163],[54.129,24.157],[54.106,24.148],[54.096,24.15],[54.095,24.153],[54.093,24.153],[54.093,24.149],[54.09,24.146],[54.084,24.145],[54.082,24.152],[54.071,24.161],[54.078,24.155],[54.076,24.153],[54.078,24.152],[54.079,24.153],[54.082,24.151],[54.082,24.147],[54.078,24.151],[54.076,24.146],[54.079,24.142],[54.079,24.14],[54.073,24.146],[54.074,24.143],[54.072,24.145],[54.073,24.142],[54.071,24.141],[54.07,24.144],[54.067,24.143],[54.068,24.14],[54.065,24.139],[54.057,24.145],[54.057,24.149],[54.06,24.149],[54.06,24.148],[54.061,24.149],[54.059,24.152],[54.033,24.159],[54.028,24.158],[54.029,24.155],[54.037,24.15],[54.04,24.144],[54.042,24.146],[54.042,24.147],[54.047,24.142],[54.055,24.137],[54.058,24.134],[54.058,24.131],[54.053,24.127],[54.05,24.128],[54.05,24.126],[54.048,24.127],[54.045,24.126],[54.03,24.133],[54.016,24.144],[54.023,24.135],[54.024,24.129],[54.009,24.124],[54.008,24.122],[53.998,24.121],[53.993,24.117],[53.992,24.118],[53.979,24.112],[53.959,24.106],[53.952,24.106],[53.959,24.079],[53.921,24.072],[53.918,24.073],[53.911,24.119],[53.907,24.116],[53.91,24.116],[53.916,24.076],[53.916,24.073],[53.913,24.071],[53.878,24.066],[53.876,24.082],[53.874,24.082],[53.878,24.066],[53.835,24.06],[53.831,24.062],[53.831,24.064],[53.829,24.062],[53.826,24.067],[53.828,24.067],[53.824,24.068],[53.825,24.066],[53.816,24.063],[53.803,24.061],[53.792,24.066],[53.802,24.061],[53.804,24.05],[53.792,24.053],[53.788,24.056],[53.787,24.062],[53.787,24.056],[53.76,24.059],[53.754,24.056],[53.745,24.055],[53.727,24.058],[53.718,24.061],[53.711,24.067],[53.707,24.067],[53.706,24.071],[53.704,24.072],[53.706,24.073],[53.704,24.073],[53.702,24.07],[53.704,24.072],[53.704,24.069],[53.707,24.067],[53.704,24.063],[53.705,24.062],[53.694,24.057],[53.686,24.056],[53.678,24.051],[53.664,24.048],[53.609,24.042],[53.578,24.047],[53.573,24.052],[53.57,24.061],[53.564,24.068],[53.569,24.071],[53.581,24.063],[53.569,24.071],[53.562,24.069],[53.542,24.082],[53.539,24.087],[53.534,24.089],[53.526,24.09],[53.527,24.093],[53.532,24.094],[53.535,24.094],[53.536,24.095],[53.512,24.096],[53.498,24.103],[53.495,24.102],[53.493,24.1],[53.492,24.102],[53.494,24.104],[53.493,24.107],[53.49,24.104],[53.489,24.104],[53.489,24.103],[53.489,24.104],[53.491,24.104],[53.491,24.104],[53.493,24.103],[53.492,24.102],[53.487,24.102],[53.488,24.109],[53.49,24.109],[53.489,24.109],[53.488,24.109],[53.486,24.103],[53.482,24.102],[53.481,24.104],[53.477,24.104],[53.477,24.101],[53.476,24.101],[53.469,24.104],[53.467,24.107],[53.472,24.115],[53.473,24.106],[53.472,24.115],[53.467,24.109],[53.463,24.114],[53.464,24.118],[53.447,24.126],[53.455,24.135],[53.446,24.126],[53.446,24.123],[53.445,24.123],[53.444,24.124],[53.444,24.124],[53.445,24.127],[53.457,24.139],[53.445,24.128],[53.445,24.126],[53.437,24.125],[53.429,24.121],[53.429,24.12],[53.429,24.121],[53.429,24.12],[53.428,24.12],[53.409,24.109],[53.407,24.112],[53.406,24.109],[53.405,24.115],[53.404,24.108],[53.379,24.11],[53.378,24.115],[53.378,24.11],[53.378,24.115],[53.379,24.116],[53.378,24.115],[53.377,24.111],[53.368,24.112],[53.367,24.109],[53.366,24.11],[53.365,24.108],[53.359,24.121],[53.365,24.107],[53.36,24.104],[53.348,24.117],[53.36,24.103],[53.358,24.105],[53.359,24.103],[53.356,24.102],[53.344,24.1],[53.338,24.102],[53.339,24.107],[53.338,24.103],[53.337,24.103],[53.339,24.106],[53.338,24.111],[53.339,24.107],[53.336,24.104],[53.333,24.106],[53.336,24.109],[53.333,24.107],[53.33,24.108],[53.326,24.111],[53.327,24.113],[53.325,24.112],[53.327,24.114],[53.325,24.112],[53.324,24.114],[53.319,24.115],[53.319,24.117],[53.316,24.117],[53.321,24.112],[53.317,24.114],[53.315,24.118],[53.314,24.118],[53.316,24.117],[53.314,24.116],[53.315,24.114],[53.312,24.115],[53.311,24.117],[53.312,24.114],[53.322,24.111],[53.321,24.1],[53.309,24.092],[53.308,24.096],[53.309,24.091],[53.298,24.104],[53.304,24.108],[53.297,24.104],[53.292,24.11],[53.299,24.113],[53.293,24.111],[53.291,24.115],[53.289,24.119],[53.292,24.122],[53.287,24.135],[53.292,24.122],[53.289,24.119],[53.285,24.126],[53.286,24.129],[53.282,24.132],[53.281,24.135],[53.283,24.135],[53.281,24.135],[53.283,24.14],[53.283,24.141],[53.285,24.141],[53.283,24.142],[53.282,24.144],[53.283,24.14],[53.281,24.135],[53.277,24.137],[53.278,24.144],[53.279,24.144],[53.281,24.147],[53.279,24.148],[53.28,24.15],[53.276,24.142],[53.269,24.143],[53.268,24.146],[53.269,24.142],[53.277,24.142],[53.276,24.136],[53.273,24.135],[53.273,24.137],[53.271,24.137],[53.272,24.135],[53.263,24.131],[53.261,24.131],[53.26,24.138],[53.262,24.14],[53.268,24.144],[53.268,24.146],[53.263,24.141],[53.259,24.141],[53.262,24.14],[53.26,24.137],[53.26,24.136],[53.259,24.135],[53.245,24.138],[53.244,24.14],[53.246,24.146],[53.243,24.14],[53.243,24.139],[53.244,24.137],[53.26,24.135],[53.261,24.131],[53.262,24.13],[53.261,24.129],[53.26,24.13],[53.258,24.129],[53.259,24.13],[53.26,24.129],[53.259,24.121],[53.26,24.119],[53.26,24.122],[53.262,24.116],[53.259,24.116],[53.256,24.118],[53.259,24.115],[53.262,24.115],[53.262,24.116],[53.262,24.115],[53.271,24.113],[53.26,24.115],[53.271,24.112],[53.278,24.099],[53.279,24.099],[53.275,24.099],[53.261,24.099],[53.261,24.102],[53.26,24.101],[53.257,24.108],[53.258,24.113],[53.256,24.109],[53.26,24.099],[53.238,24.102],[53.228,24.112],[53.219,24.125],[53.217,24.131],[53.211,24.127],[53.191,24.117],[53.187,24.112],[53.183,24.111],[53.161,24.108],[53.141,24.119],[53.132,24.123],[53.126,24.123],[53.126,24.121],[53.129,24.121],[53.132,24.117],[53.13,24.116],[53.128,24.117],[53.13,24.116],[53.128,24.114],[53.124,24.119],[53.126,24.121],[53.125,24.122],[53.123,24.12],[53.121,24.122],[53.122,24.125],[53.12,24.127],[53.114,24.129],[53.108,24.135],[53.1,24.134],[53.099,24.138],[53.102,24.139],[53.1,24.139],[53.096,24.156],[53.098,24.159],[53.1,24.158],[53.101,24.159],[53.1,24.16],[53.103,24.161],[53.106,24.16],[53.103,24.161],[53.097,24.159],[53.096,24.156],[53.099,24.139],[53.099,24.138],[53.094,24.137],[53.099,24.138],[53.099,24.134],[53.088,24.131],[53.07,24.123],[53.06,24.121],[53.051,24.118],[53.046,24.118],[53.041,24.119],[53.037,24.126],[53.04,24.126],[53.043,24.123],[53.042,24.127],[53.044,24.124],[53.045,24.126],[53.041,24.128],[53.035,24.129],[53.028,24.132],[53.029,24.138],[53.037,24.148],[53.042,24.157],[53.043,24.156],[53.048,24.159],[53.057,24.161],[53.06,24.16],[53.062,24.163],[53.039,24.158],[53.032,24.159],[53.032,24.158],[53.038,24.156],[53.039,24.154],[53.037,24.152],[53.038,24.152],[53.038,24.15],[53.037,24.151],[53.037,24.148],[53.029,24.138],[53.029,24.142],[53.021,24.149],[53.022,24.149],[53.026,24.146],[53.029,24.142],[53.028,24.145],[53.026,24.147],[53.013,24.156],[53.009,24.162],[53.008,24.158],[53.005,24.159],[53.008,24.157],[53.008,24.155],[53.018,24.144],[53.028,24.141],[53.028,24.133],[53.022,24.136],[53.008,24.14],[52.992,24.146],[52.981,24.155],[52.982,24.158],[52.981,24.155],[52.981,24.158],[52.98,24.155],[52.977,24.154],[52.975,24.15],[52.962,24.141],[52.951,24.136],[52.937,24.132],[52.927,24.134],[52.919,24.143],[52.911,24.14],[52.913,24.142],[52.902,24.14],[52.874,24.131],[52.857,24.13],[52.854,24.131],[52.85,24.139],[52.844,24.143],[52.842,24.143],[52.842,24.142],[52.837,24.143],[52.831,24.143],[52.83,24.145],[52.832,24.145],[52.83,24.145],[52.82,24.142],[52.819,24.146],[52.82,24.142],[52.817,24.141],[52.815,24.142],[52.816,24.14],[52.811,24.137],[52.789,24.13],[52.786,24.129],[52.785,24.131],[52.785,24.129],[52.779,24.128],[52.78,24.132],[52.776,24.136],[52.778,24.132],[52.778,24.128],[52.771,24.126],[52.758,24.13],[52.757,24.133],[52.758,24.135],[52.758,24.14],[52.756,24.14],[52.757,24.135],[52.756,24.134],[52.748,24.137],[52.748,24.139],[52.751,24.14],[52.735,24.149],[52.734,24.154],[52.735,24.143],[52.733,24.144],[52.732,24.152],[52.733,24.143],[52.732,24.143],[52.731,24.152],[52.731,24.142],[52.727,24.143],[52.727,24.141],[52.727,24.143],[52.724,24.143],[52.722,24.142],[52.722,24.165],[52.722,24.142],[52.715,24.143],[52.718,24.17],[52.712,24.175],[52.717,24.169],[52.715,24.16],[52.714,24.142],[52.714,24.144],[52.708,24.144],[52.703,24.147],[52.689,24.146],[52.689,24.148],[52.686,24.148],[52.704,24.181],[52.698,24.187],[52.704,24.181],[52.685,24.145],[52.677,24.145],[52.677,24.144],[52.68,24.143],[52.671,24.129],[52.668,24.13],[52.669,24.141],[52.66,24.156],[52.65,24.163],[52.641,24.166],[52.64,24.167],[52.642,24.169],[52.64,24.168],[52.635,24.171],[52.632,24.178],[52.633,24.182],[52.626,24.188],[52.633,24.193],[52.632,24.194],[52.626,24.189],[52.619,24.191],[52.613,24.195],[52.609,24.197],[52.594,24.198],[52.592,24.208],[52.593,24.21],[52.59,24.213],[52.593,24.214],[52.59,24.215],[52.589,24.213],[52.591,24.209],[52.592,24.197],[52.574,24.185],[52.57,24.186],[52.571,24.182],[52.569,24.181],[52.567,24.183],[52.562,24.175],[52.557,24.176],[52.566,24.172],[52.566,24.171],[52.556,24.175],[52.556,24.178],[52.555,24.177],[52.556,24.175],[52.562,24.172],[52.561,24.159],[52.553,24.155],[52.562,24.159],[52.562,24.166],[52.564,24.166],[52.562,24.166],[52.562,24.161],[52.564,24.161],[52.562,24.16],[52.562,24.157],[52.561,24.158],[52.555,24.156],[52.561,24.158],[52.561,24.149],[52.566,24.149],[52.563,24.145],[52.563,24.143],[52.565,24.147],[52.565,24.145],[52.568,24.148],[52.57,24.147],[52.573,24.139],[52.568,24.135],[52.549,24.126],[52.524,24.118],[52.514,24.11],[52.502,24.103],[52.49,24.1],[52.476,24.099],[52.472,24.094],[52.465,24.091],[52.457,24.092],[52.446,24.1],[52.444,24.108],[52.446,24.111],[52.447,24.118],[52.446,24.12],[52.439,24.123],[52.433,24.12],[52.431,24.116],[52.434,24.109],[52.434,24.105],[52.438,24.104],[52.44,24.1],[52.444,24.101],[52.456,24.09],[52.454,24.093],[52.455,24.093],[52.458,24.086],[52.457,24.079],[52.448,24.068],[52.442,24.064],[52.44,24.066],[52.441,24.064],[52.415,24.05],[52.383,24.043],[52.386,24.041],[52.391,24.043],[52.393,24.043],[52.385,24.039],[52.382,24.042],[52.363,24.033],[52.329,24.012],[52.327,24.006],[52.318,23.999],[52.284,23.985],[52.264,23.98],[52.26,23.978],[52.259,23.979],[52.259,23.977],[52.25,23.975],[52.228,23.974],[52.226,23.97],[52.222,23.968],[52.221,23.969],[52.22,23.968],[52.197,23.962],[52.163,23.962],[52.141,23.96],[52.122,23.963],[52.115,23.965],[52.115,23.968],[52.117,23.968],[52.115,23.968],[52.114,23.965],[52.097,23.972],[52.096,23.966],[52.09,23.965],[52.09,23.961],[52.085,23.957],[52.071,23.962],[52.057,23.962],[52.044,23.967],[52.035,23.972],[52.036,23.974],[52.028,23.981],[52.023,23.99],[52.02,23.99],[52.02,23.988],[52.022,23.987],[52.021,23.983],[52.014,23.983],[51.99,23.981],[51.978,23.985],[51.963,23.986],[51.959,23.989],[51.956,23.997],[51.943,23.999],[51.931,23.994],[51.928,23.99],[51.925,23.984],[51.928,23.975],[51.926,23.973],[51.92,23.971],[51.905,23.975],[51.896,23.974],[51.887,23.976],[51.88,23.977],[51.88,23.978],[51.878,23.978],[51.878,23.98],[51.877,23.977],[51.873,23.981],[51.848,23.983],[51.831,23.986],[51.81,24.003],[51.799,24.009],[51.796,24.013],[51.801,24.008],[51.801,24.01],[51.793,24.018],[51.784,24.033],[51.781,24.056],[51.782,24.057],[51.782,24.061],[51.784,24.064],[51.791,24.064],[51.785,24.064],[51.785,24.069],[51.792,24.067],[51.791,24.07],[51.789,24.069],[51.786,24.07],[51.788,24.074],[51.793,24.071],[51.787,24.076],[51.786,24.081],[51.787,24.082],[51.781,24.101],[51.782,24.105],[51.778,24.114],[51.779,24.118],[51.769,24.136],[51.765,24.153],[51.769,24.156],[51.766,24.155],[51.764,24.158],[51.769,24.166],[51.767,24.174],[51.768,24.183],[51.774,24.19],[51.777,24.19],[51.778,24.194],[51.78,24.195],[51.778,24.194],[51.778,24.195],[51.78,24.195],[51.778,24.196],[51.775,24.2],[51.773,24.215],[51.776,24.218],[51.778,24.224],[51.782,24.226],[51.775,24.238],[51.775,24.247],[51.776,24.251],[51.779,24.251],[51.777,24.252],[51.779,24.253],[51.78,24.257],[51.783,24.256],[51.78,24.257],[51.782,24.263],[51.776,24.274],[51.768,24.277],[51.765,24.281],[51.755,24.283],[51.753,24.286],[51.745,24.289],[51.745,24.292],[51.744,24.291],[51.742,24.294],[51.741,24.293],[51.743,24.292],[51.742,24.289],[51.745,24.288],[51.745,24.286],[51.735,24.277],[51.734,24.272],[51.729,24.268],[51.729,24.266],[51.728,24.263],[51.722,24.257],[51.722,24.255],[51.717,24.253],[51.718,24.251],[51.715,24.249],[51.715,24.239],[51.718,24.231],[51.721,24.227],[51.722,24.218],[51.716,24.213],[51.704,24.208],[51.702,24.211],[51.706,24.21],[51.701,24.212],[51.701,24.215],[51.7,24.212],[51.692,24.216],[51.689,24.228],[51.689,24.235],[51.691,24.24],[51.688,24.246],[51.688,24.251],[51.682,24.259],[51.68,24.267],[51.675,24.276],[51.67,24.277],[51.668,24.282],[51.669,24.284],[51.672,24.285],[51.671,24.292],[51.662,24.304],[51.661,24.316],[51.654,24.327],[51.651,24.322],[51.654,24.317],[51.653,24.314],[51.655,24.311],[51.653,24.309],[51.65,24.309],[51.651,24.307],[51.654,24.307],[51.658,24.305],[51.655,24.303],[51.659,24.303],[51.659,24.295],[51.667,24.286],[51.67,24.276],[51.668,24.273],[51.668,24.262],[51.667,24.262],[51.672,24.258],[51.673,24.254],[51.673,24.249],[51.668,24.234],[51.665,24.231],[51.663,24.225],[51.659,24.222],[51.656,24.216],[51.649,24.213],[51.646,24.205],[51.636,24.203],[51.633,24.204],[51.63,24.207],[51.63,24.211],[51.637,24.213],[51.636,24.22],[51.634,24.223],[51.643,24.224],[51.637,24.224],[51.635,24.225],[51.633,24.232],[51.635,24.24],[51.634,24.25],[51.628,24.262],[51.629,24.267],[51.627,24.28],[51.629,24.285],[51.633,24.287],[51.632,24.298],[51.636,24.3],[51.64,24.299],[51.636,24.3],[51.633,24.299],[51.631,24.304],[51.635,24.313],[51.637,24.316],[51.629,24.322],[51.628,24.327],[51.631,24.333],[51.621,24.351],[51.617,24.356],[51.609,24.357],[51.605,24.364],[51.605,24.371],[51.603,24.369],[51.598,24.374],[51.596,24.376],[51.598,24.38],[51.579,24.386],[51.574,24.39],[51.576,24.387],[51.58,24.385],[51.574,24.385],[51.577,24.381],[51.579,24.385],[51.595,24.38],[51.594,24.377],[51.59,24.376],[51.592,24.368],[51.582,24.362],[51.584,24.36],[51.584,24.356],[51.586,24.354],[51.589,24.356],[51.592,24.354],[51.594,24.346],[51.596,24.343],[51.591,24.332],[51.592,24.327],[51.594,24.326],[51.594,24.322],[51.595,24.322],[51.593,24.31],[51.597,24.309],[51.597,24.305],[51.599,24.298],[51.599,24.288],[51.605,24.282],[51.6,24.275],[51.601,24.272],[51.597,24.27],[51.597,24.264],[51.6,24.259],[51.597,24.258],[51.597,24.257],[51.591,24.254],[51.591,24.251],[51.591,24.258],[51.592,24.267],[51.593,24.268],[51.591,24.268],[51.59,24.127],[51.758,23.931],[51.92,23.738],[52.163,23.443],[52.581,22.939],[53.331,22.853],[53.807,22.797],[54.148,22.756],[54.538,22.708],[55.137,22.632],[55.203,22.704],[55.209,22.709],[55.211,22.705],[55.213,22.706],[55.22,22.766],[55.227,22.792],[55.223,22.817],[55.226,22.825],[55.221,22.833],[55.218,22.851],[55.223,22.859],[55.225,22.875],[55.225,22.885],[55.223,22.893],[55.217,22.9],[55.215,22.909],[55.216,22.919],[55.213,22.936],[55.214,22.945],[55.218,22.952],[55.217,22.961],[55.22,22.978],[55.217,22.986],[55.22,22.995],[55.217,23.01],[55.216,23.026],[55.218,23.033],[55.23,23.048],[55.23,23.056],[55.225,23.072],[55.231,23.085],[55.23,23.095],[55.232,23.11],[55.242,23.129],[55.281,23.178],[55.297,23.204],[55.348,23.293],[55.402,23.393],[55.417,23.382],[55.431,23.4],[55.437,23.412],[55.447,23.457],[55.471,23.49],[55.483,23.513],[55.498,23.533],[55.523,23.554],[55.535,23.579],[55.544,23.593],[55.566,23.615],[55.572,23.63],[55.57,23.69],[55.572,23.703],[55.569,23.721],[55.559,23.735],[55.532,23.757],[55.532,23.76],[55.536,23.771],[55.532,23.807],[55.535,23.836],[55.534,23.849],[55.525,23.877],[55.514,23.893],[55.506,23.899],[55.501,23.906],[55.499,23.924],[55.497,23.928],[55.485,23.94],[55.485,23.944],[55.495,23.954],[55.503,23.958],[55.574,23.988],[55.579,23.99],[55.585,23.997],[55.633,24.02],[55.678,24.035],[55.731,24.058],[55.736,24.058],[55.74,24.056],[55.743,24.058],[55.758,24.052],[55.782,24.056],[55.801,24.025],[55.808,24.025],[55.82,24.021],[55.833,24.015],[55.842,24.021],[55.855,24.023],[55.876,24.036],[55.902,24.047],[55.941,24.055],[55.96,24.061],[56.017,24.066],[56.013,24.088],[56.014,24.09],[56,24.118],[55.995,24.125],[55.975,24.146],[55.961,24.17],[55.97,24.182],[55.963,24.195],[55.96,24.197],[55.959,24.212],[55.962,24.217],[55.951,24.214],[55.954,24.223],[55.871,24.215],[55.854,24.211],[55.834,24.201],[55.814,24.211],[55.809,24.211],[55.8,24.22],[55.794,24.222],[55.777,24.235],[55.766,24.232],[55.753,24.235],[55.754,24.246],[55.759,24.261],[55.768,24.262],[55.792,24.279],[55.808,24.311],[55.834,24.328],[55.834,24.41],[55.827,24.41],[55.82,24.44],[55.785,24.486],[55.765,24.53],[55.768,24.573],[55.816,24.615],[55.794,24.637],[55.837,24.671],[55.834,24.688],[55.829,24.705],[55.827,24.725],[55.828,24.738],[55.831,24.746],[55.833,24.768],[55.832,24.78],[55.822,24.791],[55.822,24.789],[55.815,24.787],[55.739,24.753],[55.667,24.73],[55.656,24.724],[55.635,24.719],[55.619,24.718],[55.602,24.714],[55.57,24.718],[55.508,24.717],[55.5,24.652],[55.486,24.645],[55.465,24.638],[55.439,24.633],[55.396,24.631],[55.332,24.635],[55.321,24.633],[55.295,24.625],[55.251,24.638],[55.202,24.659],[55.142,24.725],[55.023,24.868],[55.008,24.876],[54.94,24.898],[54.89,24.911]]],[[[54.581,24.467],[54.57,24.457],[54.571,24.453],[54.59,24.459],[54.589,24.461],[54.581,24.467]]],[[[54.609,24.466],[54.606,24.465],[54.607,24.468],[54.605,24.469],[54.61,24.468],[54.61,24.476],[54.631,24.485],[54.634,24.491],[54.632,24.507],[54.63,24.511],[54.625,24.513],[54.602,24.516],[54.602,24.517],[54.604,24.517],[54.603,24.519],[54.591,24.509],[54.583,24.507],[54.574,24.508],[54.572,24.499],[54.581,24.488],[54.599,24.482],[54.599,24.474],[54.598,24.471],[54.597,24.472],[54.593,24.464],[54.59,24.461],[54.592,24.454],[54.594,24.453],[54.595,24.457],[54.606,24.46],[54.609,24.458],[54.61,24.462],[54.61,24.468],[54.609,24.466]]],[[[54.52,24.496],[54.527,24.483],[54.53,24.483],[54.531,24.485],[54.545,24.488],[54.545,24.489],[54.541,24.492],[54.529,24.497],[54.52,24.496]]],[[[54.48,24.434],[54.497,24.432],[54.497,24.43],[54.495,24.43],[54.497,24.429],[54.497,24.426],[54.506,24.427],[54.507,24.426],[54.507,24.427],[54.508,24.426],[54.511,24.425],[54.511,24.427],[54.512,24.425],[54.518,24.431],[54.538,24.436],[54.541,24.441],[54.539,24.444],[54.538,24.441],[54.532,24.445],[54.534,24.449],[54.535,24.448],[54.536,24.452],[54.532,24.446],[54.527,24.449],[54.526,24.453],[54.524,24.451],[54.521,24.451],[54.52,24.455],[54.52,24.451],[54.52,24.454],[54.519,24.452],[54.518,24.452],[54.519,24.454],[54.518,24.453],[54.506,24.455],[54.507,24.459],[54.503,24.462],[54.498,24.457],[54.503,24.443],[54.495,24.442],[54.494,24.447],[54.493,24.446],[54.494,24.445],[54.493,24.446],[54.492,24.443],[54.485,24.442],[54.484,24.443],[54.483,24.442],[54.481,24.445],[54.483,24.449],[54.487,24.449],[54.488,24.456],[54.485,24.456],[54.483,24.453],[54.485,24.456],[54.484,24.457],[54.478,24.444],[54.475,24.443],[54.477,24.443],[54.477,24.437],[54.48,24.434]]],[[[54.299,24.477],[54.292,24.473],[54.291,24.462],[54.287,24.459],[54.286,24.453],[54.289,24.446],[54.286,24.441],[54.29,24.445],[54.294,24.447],[54.29,24.459],[54.291,24.459],[54.295,24.449],[54.297,24.447],[54.301,24.448],[54.297,24.453],[54.292,24.462],[54.293,24.463],[54.291,24.464],[54.292,24.47],[54.295,24.473],[54.294,24.474],[54.299,24.477]]],[[[54.42,24.469],[54.42,24.47],[54.414,24.47],[54.41,24.467],[54.412,24.462],[54.411,24.463],[54.411,24.455],[54.415,24.453],[54.411,24.454],[54.411,24.455],[54.411,24.453],[54.413,24.451],[54.412,24.449],[54.413,24.448],[54.421,24.446],[54.424,24.448],[54.424,24.451],[54.424,24.448],[54.423,24.447],[54.427,24.447],[54.419,24.446],[54.424,24.444],[54.438,24.448],[54.445,24.447],[54.444,24.45],[54.446,24.452],[54.434,24.462],[54.433,24.46],[54.437,24.451],[54.436,24.453],[54.436,24.45],[54.434,24.45],[54.435,24.454],[54.433,24.453],[54.434,24.45],[54.432,24.449],[54.433,24.453],[54.435,24.455],[54.432,24.454],[54.432,24.45],[54.431,24.453],[54.432,24.454],[54.431,24.455],[54.432,24.454],[54.434,24.456],[54.431,24.463],[54.429,24.464],[54.429,24.463],[54.429,24.469],[54.422,24.469],[54.424,24.467],[54.427,24.466],[54.427,24.468],[54.428,24.467],[54.428,24.465],[54.414,24.469],[54.42,24.469]]],[[[52.304,24.481],[52.309,24.479],[52.307,24.479],[52.307,24.478],[52.305,24.477],[52.311,24.471],[52.311,24.458],[52.31,24.448],[52.311,24.447],[52.311,24.448],[52.313,24.448],[52.312,24.445],[52.31,24.446],[52.308,24.448],[52.31,24.443],[52.309,24.424],[52.307,24.423],[52.307,24.424],[52.305,24.424],[52.304,24.42],[52.306,24.418],[52.312,24.418],[52.314,24.421],[52.317,24.465],[52.319,24.47],[52.321,24.47],[52.317,24.471],[52.317,24.472],[52.319,24.474],[52.322,24.471],[52.323,24.472],[52.321,24.474],[52.322,24.476],[52.323,24.475],[52.324,24.48],[52.327,24.482],[52.329,24.486],[52.333,24.485],[52.329,24.488],[52.332,24.493],[52.335,24.491],[52.338,24.492],[52.34,24.493],[52.341,24.497],[52.333,24.532],[52.324,24.534],[52.321,24.538],[52.308,24.543],[52.306,24.543],[52.305,24.542],[52.306,24.543],[52.309,24.541],[52.305,24.54],[52.3,24.534],[52.292,24.53],[52.292,24.527],[52.28,24.508],[52.281,24.503],[52.285,24.5],[52.286,24.493],[52.289,24.489],[52.294,24.487],[52.297,24.483],[52.296,24.486],[52.299,24.484],[52.299,24.483],[52.302,24.481],[52.3,24.479],[52.302,24.477],[52.301,24.479],[52.303,24.478],[52.302,24.48],[52.304,24.481]]],[[[54.492,24.473],[54.493,24.47],[54.515,24.459],[54.517,24.458],[54.518,24.459],[54.516,24.46],[54.519,24.46],[54.517,24.458],[54.518,24.457],[54.533,24.454],[54.534,24.455],[54.541,24.451],[54.543,24.449],[54.542,24.447],[54.542,24.442],[54.544,24.44],[54.542,24.447],[54.543,24.449],[54.546,24.446],[54.547,24.441],[54.548,24.44],[54.552,24.443],[54.553,24.441],[54.555,24.441],[54.553,24.441],[54.552,24.445],[54.552,24.443],[54.548,24.44],[54.547,24.441],[54.546,24.446],[54.549,24.445],[54.551,24.447],[54.548,24.455],[54.552,24.457],[54.553,24.455],[54.551,24.452],[54.554,24.454],[54.558,24.448],[54.557,24.445],[54.564,24.444],[54.567,24.446],[54.568,24.45],[54.566,24.454],[54.558,24.462],[54.526,24.472],[54.521,24.473],[54.524,24.472],[54.524,24.47],[54.519,24.471],[54.518,24.472],[54.521,24.472],[54.514,24.473],[54.513,24.473],[54.514,24.474],[54.514,24.475],[54.511,24.476],[54.514,24.474],[54.512,24.474],[54.508,24.477],[54.494,24.478],[54.494,24.48],[54.492,24.478],[54.492,24.473],[54.493,24.474],[54.492,24.473]]],[[[54.474,24.466],[54.478,24.467],[54.48,24.465],[54.483,24.465],[54.485,24.47],[54.482,24.469],[54.479,24.469],[54.478,24.468],[54.472,24.474],[54.465,24.477],[54.461,24.477],[54.462,24.478],[54.462,24.481],[54.464,24.481],[54.469,24.478],[54.47,24.478],[54.471,24.481],[54.47,24.481],[54.467,24.486],[54.458,24.488],[54.436,24.495],[54.434,24.495],[54.435,24.492],[54.433,24.49],[54.436,24.487],[54.434,24.487],[54.432,24.489],[54.431,24.497],[54.424,24.499],[54.428,24.487],[54.427,24.486],[54.436,24.487],[54.448,24.483],[54.454,24.483],[54.46,24.481],[54.461,24.478],[54.461,24.477],[54.458,24.481],[54.45,24.482],[54.448,24.476],[54.447,24.475],[54.448,24.469],[54.46,24.462],[54.469,24.452],[54.465,24.45],[54.463,24.453],[54.461,24.452],[54.463,24.448],[54.466,24.446],[54.473,24.447],[54.478,24.456],[54.475,24.458],[54.466,24.46],[54.468,24.462],[54.472,24.465],[54.48,24.459],[54.475,24.464],[54.474,24.466]]],[[[54.448,24.477],[54.448,24.479],[54.445,24.476],[54.445,24.478],[54.448,24.479],[54.446,24.479],[54.447,24.482],[54.442,24.484],[54.44,24.484],[54.439,24.48],[54.44,24.484],[54.438,24.485],[54.433,24.484],[54.434,24.481],[54.434,24.482],[54.432,24.481],[54.43,24.482],[54.437,24.475],[54.44,24.472],[54.435,24.475],[54.44,24.47],[54.439,24.469],[54.446,24.47],[54.448,24.469],[54.447,24.475],[54.448,24.477]]],[[[54.316,24.485],[54.311,24.479],[54.311,24.477],[54.316,24.472],[54.321,24.471],[54.322,24.47],[54.319,24.466],[54.315,24.464],[54.312,24.464],[54.311,24.467],[54.313,24.47],[54.309,24.467],[54.308,24.468],[54.308,24.466],[54.302,24.465],[54.303,24.468],[54.302,24.467],[54.3,24.458],[54.302,24.461],[54.303,24.456],[54.308,24.453],[54.309,24.45],[54.311,24.451],[54.313,24.45],[54.314,24.451],[54.313,24.452],[54.315,24.453],[54.315,24.452],[54.316,24.455],[54.32,24.455],[54.323,24.458],[54.326,24.457],[54.322,24.456],[54.323,24.455],[54.326,24.455],[54.325,24.454],[54.32,24.454],[54.317,24.451],[54.323,24.451],[54.327,24.45],[54.329,24.452],[54.326,24.454],[54.326,24.457],[54.326,24.455],[54.328,24.455],[54.328,24.457],[54.329,24.455],[54.332,24.453],[54.338,24.453],[54.332,24.452],[54.334,24.451],[54.33,24.452],[54.329,24.45],[54.331,24.451],[54.329,24.45],[54.332,24.449],[54.33,24.449],[54.329,24.45],[54.33,24.449],[54.332,24.449],[54.332,24.45],[54.334,24.45],[54.335,24.448],[54.337,24.449],[54.335,24.45],[54.337,24.451],[54.337,24.448],[54.339,24.448],[54.338,24.449],[54.341,24.451],[54.339,24.453],[54.34,24.453],[54.34,24.454],[54.347,24.453],[54.348,24.451],[54.342,24.45],[54.351,24.443],[54.352,24.444],[54.351,24.443],[54.367,24.43],[54.367,24.431],[54.374,24.428],[54.374,24.427],[54.378,24.427],[54.382,24.424],[54.383,24.425],[54.383,24.423],[54.384,24.425],[54.381,24.426],[54.387,24.424],[54.39,24.421],[54.391,24.422],[54.392,24.42],[54.392,24.421],[54.394,24.421],[54.393,24.42],[54.397,24.419],[54.399,24.422],[54.398,24.425],[54.381,24.43],[54.381,24.431],[54.406,24.424],[54.407,24.423],[54.399,24.425],[54.4,24.423],[54.406,24.422],[54.405,24.42],[54.404,24.42],[54.403,24.419],[54.403,24.418],[54.406,24.417],[54.406,24.416],[54.399,24.418],[54.399,24.419],[54.398,24.417],[54.409,24.415],[54.412,24.415],[54.412,24.416],[54.41,24.415],[54.406,24.416],[54.406,24.417],[54.408,24.416],[54.408,24.417],[54.409,24.418],[54.41,24.417],[54.409,24.417],[54.41,24.415],[54.41,24.416],[54.411,24.417],[54.41,24.418],[54.408,24.419],[54.41,24.418],[54.407,24.419],[54.404,24.417],[54.406,24.418],[54.404,24.418],[54.404,24.42],[54.406,24.42],[54.407,24.419],[54.406,24.42],[54.407,24.422],[54.412,24.419],[54.411,24.422],[54.407,24.423],[54.408,24.424],[54.414,24.422],[54.414,24.417],[54.417,24.416],[54.42,24.412],[54.423,24.412],[54.423,24.411],[54.432,24.408],[54.434,24.409],[54.434,24.407],[54.447,24.403],[54.449,24.403],[54.448,24.402],[54.451,24.402],[54.453,24.408],[54.421,24.418],[54.421,24.42],[54.462,24.408],[54.467,24.406],[54.467,24.404],[54.457,24.407],[54.455,24.401],[54.466,24.397],[54.478,24.399],[54.484,24.403],[54.487,24.408],[54.485,24.423],[54.484,24.424],[54.484,24.422],[54.482,24.423],[54.485,24.425],[54.483,24.424],[54.48,24.428],[54.477,24.428],[54.469,24.434],[54.466,24.441],[54.465,24.44],[54.462,24.441],[54.455,24.441],[54.466,24.443],[54.458,24.442],[54.459,24.444],[54.451,24.442],[54.443,24.446],[54.441,24.445],[54.437,24.447],[54.423,24.444],[54.408,24.45],[54.402,24.461],[54.399,24.463],[54.402,24.464],[54.405,24.462],[54.409,24.465],[54.409,24.468],[54.412,24.47],[54.409,24.472],[54.407,24.471],[54.408,24.473],[54.404,24.474],[54.404,24.477],[54.401,24.478],[54.397,24.482],[54.398,24.483],[54.395,24.483],[54.394,24.482],[54.394,24.484],[54.392,24.485],[54.391,24.487],[54.39,24.486],[54.39,24.488],[54.389,24.487],[54.389,24.488],[54.386,24.489],[54.388,24.49],[54.384,24.498],[54.383,24.497],[54.381,24.501],[54.384,24.504],[54.385,24.507],[54.388,24.506],[54.386,24.497],[54.389,24.491],[54.39,24.492],[54.395,24.512],[54.392,24.511],[54.388,24.506],[54.385,24.508],[54.386,24.508],[54.386,24.509],[54.387,24.508],[54.387,24.511],[54.388,24.512],[54.4,24.518],[54.398,24.52],[54.399,24.523],[54.391,24.532],[54.39,24.532],[54.39,24.526],[54.397,24.519],[54.392,24.516],[54.386,24.522],[54.379,24.527],[54.378,24.526],[54.376,24.527],[54.378,24.529],[54.38,24.528],[54.383,24.53],[54.387,24.536],[54.383,24.539],[54.384,24.541],[54.383,24.539],[54.379,24.541],[54.358,24.536],[54.356,24.534],[54.359,24.536],[54.365,24.536],[54.366,24.529],[54.364,24.529],[54.363,24.534],[54.362,24.533],[54.363,24.524],[54.361,24.516],[54.367,24.512],[54.374,24.517],[54.375,24.516],[54.368,24.511],[54.369,24.509],[54.375,24.513],[54.377,24.513],[54.364,24.5],[54.351,24.491],[54.345,24.479],[54.341,24.475],[54.328,24.467],[54.328,24.466],[54.324,24.465],[54.323,24.47],[54.334,24.478],[54.332,24.479],[54.329,24.476],[54.33,24.478],[54.325,24.474],[54.325,24.476],[54.329,24.478],[54.326,24.482],[54.323,24.483],[54.323,24.482],[54.321,24.483],[54.322,24.484],[54.32,24.483],[54.317,24.482],[54.317,24.479],[54.318,24.477],[54.317,24.475],[54.313,24.478],[54.317,24.484],[54.318,24.483],[54.316,24.485]]],[[[54.571,24.5],[54.574,24.509],[54.567,24.509],[54.544,24.515],[54.531,24.52],[54.527,24.519],[54.519,24.522],[54.519,24.521],[54.528,24.518],[54.532,24.514],[54.541,24.512],[54.549,24.506],[54.56,24.505],[54.571,24.5]]],[[[54.463,24.515],[54.468,24.504],[54.467,24.5],[54.469,24.494],[54.471,24.494],[54.475,24.503],[54.473,24.51],[54.467,24.519],[54.468,24.514],[54.471,24.511],[54.472,24.503],[54.467,24.513],[54.463,24.515]]],[[[54.521,24.527],[54.528,24.534],[54.53,24.533],[54.536,24.535],[54.538,24.538],[54.534,24.543],[54.522,24.545],[54.523,24.543],[54.521,24.541],[54.517,24.542],[54.516,24.54],[54.515,24.531],[54.517,24.528],[54.521,24.527]]],[[[54.407,24.501],[54.409,24.498],[54.411,24.496],[54.406,24.498],[54.406,24.5],[54.404,24.5],[54.403,24.499],[54.404,24.498],[54.404,24.495],[54.403,24.494],[54.393,24.496],[54.391,24.49],[54.393,24.49],[54.392,24.488],[54.4,24.484],[54.403,24.485],[54.405,24.483],[54.402,24.483],[54.407,24.479],[54.408,24.481],[54.405,24.483],[54.408,24.481],[54.407,24.479],[54.414,24.472],[54.421,24.476],[54.425,24.482],[54.424,24.485],[54.426,24.487],[54.425,24.49],[54.422,24.491],[54.422,24.498],[54.421,24.496],[54.418,24.497],[54.419,24.501],[54.421,24.501],[54.421,24.499],[54.422,24.501],[54.42,24.501],[54.417,24.5],[54.419,24.495],[54.421,24.495],[54.421,24.492],[54.42,24.491],[54.416,24.498],[54.412,24.496],[54.417,24.501],[54.413,24.502],[54.417,24.501],[54.417,24.504],[54.419,24.504],[54.409,24.512],[54.402,24.512],[54.407,24.501]]],[[[54.34,24.486],[54.341,24.489],[54.352,24.499],[54.36,24.502],[54.361,24.501],[54.358,24.504],[54.356,24.514],[54.358,24.52],[54.339,24.503],[54.332,24.488],[54.331,24.488],[54.332,24.487],[54.329,24.48],[54.333,24.482],[54.335,24.482],[54.338,24.484],[54.34,24.484],[54.34,24.486]]],[[[54.405,24.504],[54.403,24.507],[54.401,24.506],[54.401,24.513],[54.397,24.512],[54.395,24.508],[54.393,24.497],[54.401,24.495],[54.4,24.497],[54.402,24.497],[54.401,24.495],[54.403,24.495],[54.403,24.496],[54.401,24.5],[54.405,24.501],[54.407,24.5],[54.405,24.504],[54.404,24.502],[54.405,24.504]]],[[[51.722,24.571],[51.724,24.573],[51.726,24.572],[51.725,24.574],[51.727,24.578],[51.729,24.578],[51.728,24.579],[51.729,24.579],[51.73,24.577],[51.73,24.581],[51.734,24.586],[51.733,24.588],[51.733,24.588],[51.734,24.587],[51.732,24.592],[51.727,24.595],[51.727,24.599],[51.723,24.601],[51.721,24.599],[51.717,24.598],[51.713,24.595],[51.715,24.594],[51.715,24.59],[51.712,24.586],[51.711,24.586],[51.711,24.583],[51.708,24.579],[51.709,24.579],[51.708,24.579],[51.709,24.58],[51.713,24.578],[51.718,24.569],[51.721,24.568],[51.722,24.571]]],[[[54.646,24.641],[54.648,24.643],[54.651,24.643],[54.649,24.644],[54.655,24.641],[54.663,24.652],[54.656,24.649],[54.653,24.651],[54.653,24.649],[54.652,24.655],[54.652,24.653],[54.649,24.652],[54.644,24.653],[54.644,24.652],[54.641,24.649],[54.646,24.647],[54.647,24.644],[54.636,24.642],[54.631,24.643],[54.627,24.648],[54.628,24.649],[54.626,24.65],[54.628,24.645],[54.632,24.642],[54.642,24.641],[54.647,24.644],[54.648,24.643],[54.646,24.641]]],[[[54.5,24.609],[54.501,24.61],[54.501,24.609],[54.504,24.608],[54.513,24.61],[54.522,24.607],[54.524,24.604],[54.534,24.61],[54.534,24.611],[54.531,24.609],[54.533,24.611],[54.541,24.613],[54.54,24.612],[54.546,24.612],[54.547,24.609],[54.55,24.61],[54.557,24.606],[54.556,24.608],[54.558,24.609],[54.554,24.611],[54.555,24.61],[54.554,24.609],[54.552,24.612],[54.551,24.61],[54.55,24.612],[54.549,24.611],[54.545,24.615],[54.544,24.617],[54.546,24.619],[54.541,24.618],[54.541,24.62],[54.541,24.622],[54.544,24.622],[54.545,24.625],[54.552,24.623],[54.552,24.625],[54.546,24.63],[54.549,24.63],[54.547,24.632],[54.55,24.632],[54.546,24.634],[54.551,24.635],[54.552,24.633],[54.552,24.635],[54.55,24.635],[54.554,24.636],[54.555,24.634],[54.555,24.636],[54.554,24.638],[54.555,24.636],[54.551,24.636],[54.547,24.639],[54.545,24.641],[54.547,24.639],[54.546,24.639],[54.547,24.638],[54.545,24.639],[54.546,24.636],[54.547,24.636],[54.531,24.633],[54.533,24.632],[54.53,24.626],[54.522,24.617],[54.513,24.612],[54.511,24.613],[54.511,24.615],[54.504,24.617],[54.503,24.616],[54.505,24.613],[54.5,24.611],[54.5,24.609]]],[[[54.653,24.68],[54.648,24.68],[54.642,24.677],[54.641,24.678],[54.639,24.675],[54.64,24.669],[54.642,24.673],[54.645,24.674],[54.648,24.673],[54.648,24.67],[54.644,24.67],[54.643,24.663],[54.646,24.661],[54.654,24.661],[54.653,24.663],[54.656,24.674],[54.655,24.677],[54.653,24.676],[54.651,24.677],[54.653,24.68]]],[[[54.669,24.743],[54.675,24.753],[54.67,24.754],[54.661,24.746],[54.648,24.741],[54.648,24.733],[54.658,24.74],[54.665,24.743],[54.669,24.743]]],[[[52.564,24.775],[52.564,24.776],[52.567,24.776],[52.565,24.777],[52.565,24.779],[52.571,24.787],[52.571,24.791],[52.564,24.801],[52.555,24.802],[52.55,24.797],[52.55,24.79],[52.554,24.786],[52.558,24.778],[52.564,24.775]]],[[[54.724,24.812],[54.716,24.817],[54.725,24.833],[54.728,24.834],[54.728,24.835],[54.732,24.834],[54.73,24.836],[54.733,24.837],[54.731,24.837],[54.738,24.84],[54.738,24.843],[54.744,24.844],[54.744,24.845],[54.748,24.843],[54.746,24.846],[54.755,24.842],[54.758,24.843],[54.762,24.847],[54.759,24.852],[54.758,24.868],[54.756,24.872],[54.754,24.872],[54.753,24.871],[54.757,24.854],[54.756,24.85],[54.738,24.844],[54.725,24.834],[54.72,24.827],[54.714,24.823],[54.71,24.818],[54.708,24.818],[54.708,24.819],[54.705,24.815],[54.714,24.816],[54.726,24.809],[54.721,24.813],[54.724,24.812]]],[[[53.067,24.872],[53.079,24.857],[53.082,24.859],[53.082,24.864],[53.086,24.863],[53.082,24.864],[53.083,24.865],[53.081,24.873],[53.084,24.878],[53.086,24.879],[53.09,24.873],[53.092,24.872],[53.086,24.88],[53.085,24.884],[53.09,24.884],[53.086,24.884],[53.084,24.886],[53.082,24.892],[53.077,24.897],[53.068,24.9],[53.062,24.897],[53.058,24.888],[53.059,24.882],[53.064,24.877],[53.063,24.872],[53.065,24.873],[53.067,24.872]]],[[[54.667,24.792],[54.655,24.794],[54.646,24.804],[54.664,24.818],[54.66,24.822],[54.67,24.83],[54.671,24.832],[54.67,24.83],[54.637,24.805],[54.648,24.793],[54.666,24.791],[54.667,24.792]]],[[[53.339,24.526],[53.345,24.532],[53.336,24.558],[53.338,24.559],[53.335,24.56],[53.329,24.578],[53.329,24.58],[53.331,24.581],[53.329,24.58],[53.326,24.59],[53.324,24.59],[53.313,24.583],[53.315,24.566],[53.311,24.565],[53.308,24.58],[53.31,24.581],[53.31,24.582],[53.303,24.579],[53.303,24.576],[53.306,24.575],[53.308,24.576],[53.31,24.564],[53.316,24.565],[53.315,24.582],[53.318,24.584],[53.326,24.584],[53.328,24.579],[53.328,24.574],[53.331,24.569],[53.332,24.563],[53.335,24.558],[53.341,24.54],[53.342,24.535],[53.343,24.534],[53.342,24.531],[53.334,24.521],[53.335,24.5],[53.371,24.465],[53.369,24.455],[53.374,24.454],[53.376,24.462],[53.376,24.467],[53.371,24.466],[53.346,24.491],[53.347,24.493],[53.343,24.493],[53.336,24.5],[53.335,24.506],[53.337,24.507],[53.337,24.509],[53.335,24.51],[53.334,24.52],[53.339,24.526]]],[[[54.615,24.547],[54.632,24.556],[54.634,24.562],[54.626,24.565],[54.624,24.56],[54.627,24.559],[54.626,24.558],[54.614,24.568],[54.613,24.566],[54.626,24.558],[54.624,24.555],[54.62,24.553],[54.62,24.552],[54.613,24.551],[54.613,24.55],[54.615,24.547]]],[[[54.492,24.519],[54.497,24.514],[54.503,24.512],[54.501,24.511],[54.496,24.513],[54.496,24.505],[54.509,24.49],[54.514,24.486],[54.521,24.484],[54.521,24.488],[54.513,24.503],[54.51,24.514],[54.505,24.517],[54.503,24.522],[54.5,24.526],[54.501,24.526],[54.511,24.523],[54.507,24.522],[54.51,24.518],[54.515,24.519],[54.515,24.522],[54.517,24.521],[54.517,24.522],[54.501,24.528],[54.499,24.535],[54.502,24.534],[54.501,24.536],[54.496,24.541],[54.496,24.542],[54.495,24.542],[54.501,24.536],[54.498,24.535],[54.487,24.541],[54.485,24.545],[54.486,24.548],[54.483,24.548],[54.482,24.55],[54.483,24.554],[54.479,24.558],[54.48,24.57],[54.482,24.571],[54.473,24.57],[54.472,24.57],[54.471,24.569],[54.471,24.568],[54.471,24.569],[54.473,24.57],[54.48,24.57],[54.479,24.558],[54.482,24.554],[54.482,24.55],[54.483,24.548],[54.486,24.548],[54.485,24.545],[54.481,24.544],[54.475,24.547],[54.462,24.549],[54.466,24.552],[54.467,24.549],[54.467,24.552],[54.465,24.553],[54.461,24.549],[54.46,24.55],[54.461,24.552],[54.458,24.55],[54.459,24.548],[54.459,24.548],[54.46,24.548],[54.461,24.547],[54.462,24.546],[54.462,24.548],[54.465,24.547],[54.466,24.547],[54.464,24.546],[54.464,24.547],[54.464,24.547],[54.463,24.546],[54.461,24.546],[54.46,24.546],[54.459,24.547],[54.46,24.547],[54.46,24.548],[54.459,24.548],[54.459,24.548],[54.458,24.547],[54.459,24.546],[54.458,24.546],[54.463,24.546],[54.461,24.543],[54.463,24.541],[54.462,24.543],[54.464,24.546],[54.47,24.547],[54.479,24.544],[54.476,24.541],[54.471,24.54],[54.472,24.535],[54.474,24.532],[54.469,24.53],[54.467,24.534],[54.464,24.533],[54.463,24.535],[54.465,24.528],[54.476,24.531],[54.484,24.527],[54.487,24.527],[54.488,24.529],[54.491,24.529],[54.495,24.527],[54.492,24.524],[54.489,24.524],[54.492,24.519]]],[[[54.419,24.54],[54.402,24.538],[54.4,24.543],[54.396,24.54],[54.397,24.539],[54.395,24.538],[54.393,24.54],[54.398,24.531],[54.4,24.532],[54.402,24.531],[54.401,24.529],[54.402,24.527],[54.401,24.529],[54.403,24.531],[54.402,24.529],[54.409,24.523],[54.41,24.524],[54.412,24.523],[54.411,24.522],[54.415,24.518],[54.417,24.517],[54.415,24.52],[54.418,24.521],[54.418,24.52],[54.419,24.522],[54.42,24.52],[54.42,24.521],[54.424,24.519],[54.424,24.517],[54.424,24.519],[54.428,24.519],[54.426,24.519],[54.427,24.517],[54.428,24.519],[54.429,24.519],[54.429,24.516],[54.429,24.519],[54.431,24.519],[54.431,24.516],[54.424,24.516],[54.424,24.515],[54.436,24.515],[54.452,24.508],[54.453,24.507],[54.457,24.506],[54.458,24.504],[54.457,24.506],[54.462,24.506],[54.463,24.508],[54.456,24.52],[54.464,24.526],[54.456,24.546],[54.458,24.546],[54.456,24.547],[54.456,24.552],[54.456,24.55],[54.455,24.551],[54.459,24.557],[54.459,24.56],[54.465,24.567],[54.47,24.578],[54.475,24.584],[54.478,24.585],[54.477,24.588],[54.474,24.589],[54.475,24.593],[54.473,24.592],[54.473,24.594],[54.475,24.594],[54.474,24.598],[54.471,24.598],[54.471,24.595],[54.469,24.594],[54.471,24.594],[54.471,24.592],[54.476,24.588],[54.473,24.586],[54.453,24.563],[54.431,24.545],[54.419,24.54]]],[[[54.516,24.578],[54.518,24.577],[54.526,24.568],[54.543,24.56],[54.549,24.564],[54.552,24.564],[54.56,24.562],[54.571,24.557],[54.574,24.562],[54.569,24.567],[54.577,24.567],[54.584,24.564],[54.591,24.568],[54.589,24.57],[54.577,24.568],[54.565,24.568],[54.563,24.569],[54.558,24.568],[54.552,24.574],[54.548,24.572],[54.54,24.573],[54.535,24.573],[54.532,24.576],[54.525,24.577],[54.516,24.578],[54.516,24.578]]],[[[53.321,24.609],[53.323,24.605],[53.322,24.6],[53.321,24.598],[53.31,24.595],[53.31,24.594],[53.314,24.595],[53.315,24.592],[53.311,24.591],[53.312,24.589],[53.318,24.592],[53.323,24.591],[53.325,24.593],[53.323,24.594],[53.324,24.602],[53.326,24.602],[53.324,24.604],[53.326,24.603],[53.326,24.605],[53.324,24.606],[53.324,24.612],[53.323,24.613],[53.318,24.614],[53.316,24.613],[53.321,24.613],[53.321,24.609]]],[[[54.609,24.609],[54.608,24.606],[54.608,24.602],[54.61,24.606],[54.611,24.602],[54.612,24.604],[54.61,24.604],[54.61,24.606],[54.612,24.606],[54.613,24.607],[54.615,24.605],[54.614,24.607],[54.616,24.607],[54.618,24.606],[54.619,24.604],[54.624,24.606],[54.623,24.608],[54.626,24.609],[54.627,24.606],[54.628,24.606],[54.631,24.607],[54.627,24.607],[54.627,24.608],[54.629,24.608],[54.628,24.608],[54.633,24.609],[54.639,24.608],[54.638,24.604],[54.635,24.602],[54.64,24.601],[54.642,24.597],[54.641,24.591],[54.638,24.584],[54.633,24.58],[54.637,24.579],[54.637,24.578],[54.638,24.579],[54.64,24.576],[54.638,24.571],[54.637,24.57],[54.637,24.572],[54.636,24.57],[54.638,24.57],[54.636,24.57],[54.637,24.569],[54.636,24.566],[54.631,24.564],[54.635,24.563],[54.644,24.586],[54.645,24.598],[54.635,24.613],[54.636,24.621],[54.632,24.622],[54.631,24.625],[54.631,24.622],[54.626,24.622],[54.626,24.625],[54.624,24.622],[54.62,24.623],[54.617,24.621],[54.616,24.616],[54.618,24.616],[54.618,24.619],[54.618,24.617],[54.619,24.618],[54.621,24.616],[54.622,24.613],[54.621,24.612],[54.622,24.61],[54.615,24.614],[54.609,24.609]]]]}},{"type":"Feature","properties":{"name":"Ajman"},"geometry":{"type":"MultiPolygon","coordinates":[[[[56.057,24.872],[55.98,24.894],[55.978,24.877],[55.996,24.86],[56.036,24.811],[56.038,24.798],[56.035,24.79],[56.039,24.782],[56.046,24.774],[56.052,24.77],[56.054,24.767],[56.051,24.762],[56.053,24.761],[56.054,24.752],[56.067,24.741],[56.076,24.739],[56.074,24.745],[56.075,24.751],[56.079,24.765],[56.089,24.781],[56.106,24.82],[56.101,24.822],[56.085,24.838],[56.063,24.854],[56.057,24.872]]],[[[55.983,25.332],[55.971,25.324],[55.966,25.319],[55.961,25.309],[55.961,25.304],[55.966,25.293],[55.969,25.288],[55.977,25.282],[55.989,25.292],[55.992,25.293],[55.998,25.293],[56.008,25.303],[56.008,25.308],[56.005,25.319],[56.003,25.322],[55.983,25.332]]],[[[55.472,25.451],[55.47,25.447],[55.471,25.447],[55.47,25.447],[55.47,25.448],[55.451,25.427],[55.445,25.426],[55.444,25.43],[55.445,25.426],[55.443,25.425],[55.442,25.43],[55.443,25.425],[55.437,25.416],[55.434,25.415],[55.436,25.414],[55.434,25.412],[55.434,25.411],[55.433,25.411],[55.433,25.412],[55.429,25.404],[55.425,25.399],[55.423,25.4],[55.423,25.399],[55.427,25.394],[55.457,25.376],[55.493,25.359],[55.503,25.357],[55.539,25.363],[55.593,25.368],[55.63,25.411],[55.628,25.415],[55.62,25.421],[55.596,25.425],[55.536,25.447],[55.516,25.446],[55.487,25.442],[55.472,25.451]]]]}},{"type":"Feature","properties":{"name":"Dubai"},"geometry":{"type":"MultiPolygon","coordinates":[[[[56.076,24.739],[56.089,24.736],[56.098,24.737],[56.12,24.734],[56.144,24.742],[56.15,24.745],[56.152,24.754],[56.155,24.761],[56.177,24.772],[56.178,24.779],[56.182,24.781],[56.201,24.785],[56.204,24.824],[56.167,24.826],[56.142,24.823],[56.124,24.825],[56.106,24.82],[56.089,24.781],[56.079,24.765],[56.075,24.751],[56.074,24.745],[56.076,24.739]]],[[[54.953,24.997],[54.955,24.993],[54.959,24.994],[54.956,25],[54.957,25.007],[54.963,25.022],[54.985,25.033],[54.986,25.033],[54.987,25.036],[54.976,25.036],[54.969,25.034],[54.965,25.03],[54.954,25.011],[54.953,24.997]]],[[[55.015,25.022],[55.019,25.025],[55.01,25.032],[55.001,25.036],[54.989,25.036],[54.989,25.032],[54.994,25.033],[55.005,25.031],[55.012,25.027],[55.015,25.022]]],[[[55.739,24.753],[55.717,24.835],[55.665,24.993],[55.662,24.998],[55.662,25.053],[55.629,25.21],[55.386,25.302],[55.374,25.297],[55.363,25.298],[55.35,25.313],[55.352,25.307],[55.358,25.303],[55.358,25.3],[55.355,25.298],[55.351,25.3],[55.348,25.308],[55.349,25.316],[55.353,25.32],[55.352,25.322],[55.355,25.327],[55.354,25.328],[55.351,25.328],[55.351,25.326],[55.35,25.328],[55.349,25.327],[55.348,25.324],[55.347,25.325],[55.347,25.322],[55.344,25.321],[55.345,25.318],[55.338,25.31],[55.337,25.314],[55.341,25.32],[55.338,25.324],[55.335,25.324],[55.336,25.32],[55.332,25.311],[55.334,25.312],[55.333,25.31],[55.336,25.308],[55.337,25.31],[55.338,25.309],[55.33,25.299],[55.337,25.307],[55.339,25.306],[55.329,25.295],[55.328,25.296],[55.33,25.3],[55.326,25.295],[55.323,25.3],[55.315,25.301],[55.316,25.304],[55.319,25.305],[55.322,25.302],[55.326,25.301],[55.325,25.303],[55.328,25.305],[55.327,25.307],[55.329,25.307],[55.33,25.308],[55.332,25.323],[55.331,25.32],[55.329,25.322],[55.328,25.329],[55.331,25.326],[55.325,25.331],[55.322,25.33],[55.319,25.335],[55.315,25.334],[55.311,25.336],[55.313,25.34],[55.309,25.345],[55.293,25.356],[55.294,25.347],[55.294,25.348],[55.297,25.347],[55.3,25.344],[55.299,25.342],[55.297,25.343],[55.293,25.34],[55.292,25.334],[55.293,25.33],[55.294,25.331],[55.295,25.33],[55.304,25.322],[55.311,25.317],[55.317,25.316],[55.32,25.32],[55.321,25.328],[55.324,25.324],[55.323,25.324],[55.319,25.312],[55.317,25.31],[55.317,25.312],[55.311,25.307],[55.312,25.304],[55.311,25.306],[55.313,25.304],[55.312,25.301],[55.303,25.303],[55.305,25.303],[55.299,25.303],[55.295,25.301],[55.292,25.296],[55.29,25.301],[55.293,25.304],[55.298,25.305],[55.285,25.314],[55.282,25.312],[55.281,25.305],[55.287,25.295],[55.289,25.297],[55.291,25.294],[55.29,25.289],[55.291,25.286],[55.29,25.291],[55.293,25.29],[55.295,25.286],[55.295,25.285],[55.293,25.284],[55.292,25.286],[55.293,25.283],[55.295,25.279],[55.301,25.284],[55.302,25.283],[55.3,25.282],[55.304,25.283],[55.314,25.291],[55.318,25.29],[55.294,25.275],[55.293,25.279],[55.29,25.284],[55.285,25.289],[55.284,25.288],[55.276,25.285],[55.269,25.28],[55.276,25.285],[55.284,25.288],[55.29,25.284],[55.291,25.282],[55.29,25.281],[55.29,25.281],[55.29,25.28],[55.29,25.281],[55.29,25.28],[55.289,25.281],[55.289,25.279],[55.275,25.269],[55.275,25.265],[55.285,25.272],[55.282,25.265],[55.285,25.265],[55.283,25.262],[55.283,25.264],[55.279,25.261],[55.27,25.261],[55.271,25.269],[55.267,25.275],[55.267,25.282],[55.264,25.283],[55.259,25.281],[55.26,25.278],[55.259,25.273],[55.26,25.274],[55.262,25.273],[55.261,25.267],[55.258,25.268],[55.258,25.267],[55.258,25.268],[55.256,25.269],[55.257,25.283],[55.255,25.264],[55.268,25.261],[55.276,25.253],[55.274,25.253],[55.274,25.251],[55.273,25.252],[55.269,25.255],[55.272,25.251],[55.271,25.25],[55.266,25.253],[55.265,25.252],[55.269,25.249],[55.265,25.251],[55.264,25.251],[55.268,25.247],[55.266,25.245],[55.266,25.246],[55.265,25.246],[55.253,25.252],[55.249,25.258],[55.25,25.27],[55.249,25.258],[55.25,25.255],[55.253,25.252],[55.265,25.245],[55.265,25.244],[55.256,25.25],[55.254,25.246],[55.253,25.246],[55.257,25.24],[55.262,25.239],[55.262,25.242],[55.266,25.244],[55.266,25.24],[55.265,25.239],[55.265,25.24],[55.265,25.24],[55.265,25.239],[55.263,25.236],[55.263,25.237],[55.262,25.234],[55.258,25.234],[55.26,25.234],[55.26,25.233],[55.256,25.23],[55.255,25.228],[55.257,25.229],[55.257,25.227],[55.254,25.226],[55.253,25.228],[55.254,25.226],[55.251,25.224],[55.254,25.224],[55.252,25.22],[55.25,25.219],[55.251,25.218],[55.248,25.215],[55.244,25.213],[55.242,25.21],[55.243,25.209],[55.239,25.205],[55.238,25.214],[55.239,25.214],[55.236,25.221],[55.234,25.222],[55.236,25.22],[55.235,25.217],[55.237,25.211],[55.235,25.208],[55.233,25.209],[55.235,25.208],[55.238,25.209],[55.238,25.205],[55.237,25.205],[55.238,25.203],[55.23,25.193],[55.229,25.193],[55.226,25.188],[55.224,25.187],[55.221,25.181],[55.219,25.181],[55.217,25.179],[55.218,25.176],[55.215,25.176],[55.217,25.175],[55.215,25.172],[55.213,25.173],[55.215,25.177],[55.213,25.173],[55.212,25.173],[55.209,25.166],[55.2,25.154],[55.198,25.154],[55.198,25.152],[55.196,25.152],[55.197,25.155],[55.196,25.153],[55.193,25.153],[55.192,25.151],[55.195,25.15],[55.194,25.147],[55.192,25.145],[55.189,25.145],[55.191,25.144],[55.19,25.142],[55.188,25.143],[55.189,25.146],[55.188,25.144],[55.188,25.142],[55.182,25.133],[55.181,25.131],[55.179,25.132],[55.179,25.13],[55.168,25.118],[55.164,25.115],[55.163,25.114],[55.165,25.114],[55.163,25.112],[55.162,25.112],[55.163,25.115],[55.161,25.112],[55.162,25.11],[55.159,25.109],[55.158,25.107],[55.157,25.107],[55.158,25.106],[55.157,25.105],[55.157,25.108],[55.156,25.105],[55.152,25.103],[55.152,25.1],[55.146,25.093],[55.142,25.094],[55.14,25.09],[55.138,25.091],[55.14,25.092],[55.134,25.092],[55.13,25.089],[55.134,25.09],[55.135,25.089],[55.137,25.089],[55.137,25.087],[55.129,25.076],[55.127,25.074],[55.126,25.075],[55.125,25.072],[55.124,25.082],[55.118,25.08],[55.12,25.076],[55.124,25.075],[55.123,25.073],[55.124,25.071],[55.11,25.056],[55.105,25.053],[55.103,25.054],[55.105,25.052],[55.104,25.051],[55.102,25.054],[55.102,25.055],[55.101,25.053],[55.104,25.051],[55.102,25.05],[55.09,25.035],[55.076,25.023],[55.074,25.022],[55.072,25.027],[55.047,25.022],[55.047,25.021],[55.043,25.02],[55.046,25.02],[55.052,25.007],[55.05,25.003],[55.046,25.002],[55.043,25.003],[55.043,25.005],[55.044,25.006],[55.042,25.005],[55.037,25.017],[55.038,25.021],[55.037,25.017],[55.045,24.997],[55.04,24.994],[55.037,24.993],[55.035,24.996],[55.033,24.996],[55.035,24.996],[55.036,24.993],[55.031,24.992],[55.032,24.997],[55.03,24.991],[55.026,24.99],[55.026,24.992],[55.016,24.985],[55.016,24.994],[55.02,24.998],[55.022,25.002],[55.024,25.002],[55.021,24.996],[55.023,24.996],[55.026,25.006],[55.026,25.018],[55.025,25.017],[55.026,25.012],[55.025,25.005],[55.025,25.003],[55.023,25.003],[55.024,25.013],[55.021,25.022],[55.023,25.023],[55.031,25.018],[55.023,25.023],[55.017,25.02],[55.019,25.017],[55.02,25.009],[55.018,25.001],[55.014,24.998],[55.016,24.996],[55.012,24.992],[55.013,24.985],[55.014,24.985],[55.013,24.983],[55.012,24.984],[55.013,24.982],[55.012,24.982],[55.011,24.983],[55.011,24.982],[55.005,24.98],[55.004,24.981],[55.006,24.984],[54.996,24.999],[54.992,25.002],[55,25.002],[55.007,24.997],[55.008,24.998],[55.003,25.002],[54.992,25.005],[55.002,25.005],[55.01,25.002],[55.011,25.003],[55.004,25.006],[54.991,25.006],[55,25.009],[55.011,25.007],[55.012,25.008],[55.002,25.01],[54.99,25.008],[54.999,25.013],[55.011,25.012],[55.012,25.013],[55.002,25.014],[54.989,25.01],[54.997,25.016],[55.008,25.018],[55.009,25.019],[54.998,25.018],[54.988,25.011],[54.988,25.012],[54.993,25.018],[55.004,25.023],[55.003,25.024],[54.997,25.022],[54.987,25.014],[54.986,25.015],[54.988,25.02],[54.996,25.026],[54.995,25.027],[54.989,25.023],[54.985,25.016],[54.985,25.022],[54.983,25.019],[54.98,25.019],[54.98,25.018],[54.97,25.018],[54.97,25.017],[54.979,25.016],[54.981,25.014],[54.972,25.015],[54.966,25.013],[54.966,25.011],[54.977,25.013],[54.982,25.013],[54.982,25.011],[54.97,25.009],[54.965,25.005],[54.964,25.004],[54.973,25.009],[54.982,25.01],[54.984,25.009],[54.974,25.006],[54.968,25.002],[54.965,24.998],[54.975,25.006],[54.983,25.008],[54.985,25.007],[54.976,25.002],[54.971,24.996],[54.97,24.992],[54.971,24.992],[54.977,25.002],[54.986,25.006],[54.976,24.997],[54.974,24.989],[54.975,24.989],[54.979,24.999],[54.987,25.004],[54.98,24.994],[54.979,24.987],[54.98,24.987],[54.983,24.997],[54.988,25.002],[54.984,24.993],[54.984,24.987],[54.986,24.987],[54.986,24.994],[54.99,25.001],[54.991,25],[54.99,24.999],[55,24.98],[55.002,24.98],[55.002,24.978],[54.992,24.974],[54.988,24.978],[54.986,24.978],[54.982,24.979],[54.982,24.982],[54.976,24.981],[54.967,24.985],[54.962,24.989],[54.96,24.992],[54.954,24.989],[54.954,24.98],[54.954,24.989],[54.956,24.99],[54.963,24.983],[54.973,24.978],[54.973,24.976],[54.964,24.98],[54.958,24.984],[54.957,24.984],[54.962,24.98],[54.968,24.977],[54.979,24.974],[54.98,24.976],[54.973,24.976],[54.974,24.978],[54.984,24.977],[54.987,24.974],[54.987,24.971],[54.974,24.966],[54.97,24.967],[54.962,24.964],[54.926,24.933],[54.922,24.933],[54.911,24.941],[54.916,24.95],[54.913,24.95],[54.907,24.954],[54.905,24.954],[54.906,24.955],[54.903,24.955],[54.9,24.953],[54.899,24.95],[54.9,24.947],[54.904,24.945],[54.904,24.943],[54.903,24.943],[54.896,24.947],[54.895,24.95],[54.893,24.951],[54.902,24.956],[54.907,24.957],[54.902,24.956],[54.897,24.954],[54.893,24.952],[54.891,24.95],[54.891,24.947],[54.898,24.937],[54.902,24.936],[54.907,24.936],[54.911,24.941],[54.922,24.933],[54.921,24.93],[54.916,24.928],[54.903,24.913],[54.898,24.911],[54.89,24.911],[54.94,24.898],[55.008,24.876],[55.023,24.868],[55.142,24.725],[55.202,24.659],[55.251,24.638],[55.295,24.625],[55.321,24.633],[55.332,24.635],[55.396,24.631],[55.439,24.633],[55.465,24.638],[55.486,24.645],[55.5,24.652],[55.508,24.717],[55.57,24.718],[55.602,24.714],[55.619,24.718],[55.635,24.719],[55.656,24.724],[55.667,24.73],[55.739,24.753]]],[[[55.047,25.042],[55.057,25.049],[55.058,25.048],[55.059,25.046],[55.055,25.046],[55.056,25.043],[55.052,25.04],[55.049,25.041],[55.047,25.037],[55.041,25.034],[55.038,25.036],[55.046,25.042],[55.037,25.036],[55.04,25.032],[55.041,25.028],[55.061,25.041],[55.061,25.04],[55.058,25.048],[55.057,25.049],[55.057,25.049],[55.047,25.042]]],[[[55.121,25.127],[55.121,25.125],[55.119,25.124],[55.125,25.123],[55.119,25.122],[55.117,25.12],[55.127,25.121],[55.12,25.118],[55.115,25.116],[55.115,25.114],[55.123,25.119],[55.129,25.12],[55.121,25.115],[55.117,25.111],[55.116,25.108],[55.118,25.108],[55.123,25.116],[55.13,25.119],[55.123,25.112],[55.12,25.104],[55.125,25.113],[55.131,25.119],[55.126,25.11],[55.125,25.104],[55.128,25.112],[55.132,25.118],[55.129,25.111],[55.129,25.104],[55.131,25.104],[55.131,25.111],[55.133,25.117],[55.132,25.111],[55.133,25.105],[55.135,25.105],[55.134,25.11],[55.135,25.116],[55.137,25.112],[55.135,25.109],[55.14,25.109],[55.148,25.103],[55.15,25.103],[55.148,25.102],[55.151,25.103],[55.152,25.104],[55.153,25.107],[55.153,25.106],[55.147,25.111],[55.149,25.114],[55.148,25.115],[55.145,25.113],[55.143,25.115],[55.143,25.118],[55.141,25.116],[55.136,25.117],[55.142,25.119],[55.147,25.119],[55.148,25.12],[55.143,25.121],[55.135,25.118],[55.14,25.121],[55.148,25.123],[55.148,25.124],[55.14,25.123],[55.134,25.119],[55.137,25.123],[55.148,25.128],[55.139,25.126],[55.132,25.12],[55.137,25.126],[55.146,25.131],[55.145,25.132],[55.137,25.128],[55.131,25.121],[55.134,25.128],[55.14,25.133],[55.141,25.135],[55.134,25.13],[55.13,25.122],[55.131,25.127],[55.135,25.134],[55.134,25.135],[55.13,25.13],[55.129,25.123],[55.128,25.132],[55.127,25.13],[55.127,25.124],[55.125,25.13],[55.123,25.127],[55.121,25.127]]],[[[55.122,25.137],[55.114,25.129],[55.109,25.121],[55.109,25.111],[55.113,25.103],[55.114,25.105],[55.111,25.112],[55.112,25.118],[55.114,25.125],[55.12,25.131],[55.132,25.139],[55.141,25.139],[55.147,25.137],[55.148,25.138],[55.143,25.141],[55.137,25.142],[55.129,25.14],[55.122,25.137]]],[[[55.133,25.225],[55.132,25.207],[55.135,25.207],[55.136,25.209],[55.137,25.207],[55.135,25.206],[55.134,25.206],[55.135,25.204],[55.132,25.201],[55.134,25.2],[55.135,25.198],[55.138,25.197],[55.14,25.2],[55.137,25.2],[55.136,25.201],[55.138,25.202],[55.137,25.204],[55.14,25.207],[55.136,25.211],[55.137,25.215],[55.136,25.217],[55.138,25.218],[55.135,25.22],[55.137,25.225],[55.133,25.225]]],[[[55.233,25.363],[55.241,25.369],[55.24,25.37],[55.23,25.364],[55.223,25.355],[55.222,25.356],[55.22,25.35],[55.221,25.351],[55.224,25.345],[55.223,25.35],[55.225,25.352],[55.233,25.355],[55.233,25.357],[55.231,25.36],[55.233,25.363]]]]}},{"type":"Feature","properties":{"name":"Fujairah"},"geometry":{"type":"MultiPolygon","coordinates":[[[[56.213,25.239],[56.204,25.222],[56.198,25.221],[56.156,25.221],[56.155,25.218],[56.159,25.211],[56.163,25.199],[56.166,25.188],[56.166,25.177],[56.161,25.129],[56.154,25.111],[56.151,25.09],[56.152,25.081],[56.161,25.067],[56.164,25.053],[56.175,25.053],[56.182,25.051],[56.193,25.032],[56.197,25.027],[56.209,25.022],[56.229,24.996],[56.239,24.985],[56.254,24.977],[56.266,24.974],[56.279,24.976],[56.289,24.978],[56.298,24.982],[56.302,24.987],[56.305,24.993],[56.308,25.016],[56.307,25.022],[56.302,25.023],[56.298,25.029],[56.297,25.049],[56.294,25.058],[56.29,25.067],[56.284,25.073],[56.283,25.079],[56.289,25.084],[56.296,25.083],[56.361,25.068],[56.361,25.077],[56.363,25.078],[56.364,25.081],[56.363,25.078],[56.361,25.078],[56.36,25.081],[56.363,25.081],[56.36,25.082],[56.359,25.097],[56.362,25.103],[56.359,25.101],[56.359,25.103],[56.361,25.103],[56.358,25.104],[56.358,25.108],[56.359,25.111],[56.365,25.111],[56.367,25.113],[56.367,25.117],[56.366,25.121],[56.363,25.126],[56.367,25.119],[56.366,25.113],[56.363,25.111],[56.359,25.114],[56.358,25.116],[56.358,25.126],[56.36,25.13],[56.358,25.126],[56.357,25.129],[56.359,25.129],[56.357,25.131],[56.358,25.135],[56.356,25.138],[56.358,25.143],[56.357,25.144],[56.358,25.169],[56.364,25.172],[56.366,25.176],[56.364,25.176],[56.364,25.174],[56.359,25.17],[56.358,25.171],[56.358,25.174],[56.36,25.174],[56.358,25.174],[56.359,25.187],[56.367,25.184],[56.369,25.175],[56.369,25.182],[56.373,25.183],[56.377,25.186],[56.372,25.184],[56.363,25.189],[56.36,25.189],[56.359,25.196],[56.36,25.202],[56.362,25.202],[56.363,25.205],[56.37,25.205],[56.37,25.202],[56.37,25.203],[56.37,25.209],[56.37,25.205],[56.368,25.205],[56.367,25.208],[56.367,25.205],[56.363,25.205],[56.366,25.211],[56.371,25.244],[56.365,25.245],[56.367,25.253],[56.371,25.252],[56.372,25.254],[56.37,25.253],[56.367,25.253],[56.368,25.258],[56.373,25.257],[56.374,25.257],[56.374,25.253],[56.374,25.256],[56.374,25.257],[56.373,25.258],[56.37,25.258],[56.37,25.259],[56.368,25.258],[56.368,25.261],[56.369,25.264],[56.371,25.264],[56.373,25.267],[56.369,25.264],[56.37,25.268],[56.371,25.267],[56.37,25.268],[56.376,25.315],[56.373,25.315],[56.352,25.303],[56.346,25.278],[56.344,25.264],[56.317,25.251],[56.299,25.248],[56.281,25.237],[56.28,25.233],[56.274,25.232],[56.271,25.227],[56.263,25.229],[56.262,25.234],[56.245,25.235],[56.246,25.229],[56.236,25.228],[56.234,25.232],[56.216,25.242],[56.213,25.239]]],[[[56.347,24.929],[56.328,24.929],[56.325,24.911],[56.315,24.91],[56.313,24.907],[56.299,24.906],[56.276,24.914],[56.259,24.915],[56.259,24.902],[56.253,24.895],[56.263,24.89],[56.27,24.883],[56.272,24.875],[56.267,24.866],[56.276,24.874],[56.28,24.875],[56.28,24.88],[56.277,24.882],[56.28,24.885],[56.305,24.885],[56.316,24.896],[56.325,24.898],[56.338,24.915],[56.347,24.929]]],[[[55.977,25.282],[55.987,25.266],[55.992,25.25],[55.987,25.234],[55.986,25.225],[55.996,25.224],[56.022,25.226],[56.033,25.222],[56.04,25.217],[56.047,25.216],[56.052,25.216],[56.062,25.224],[56.072,25.226],[56.077,25.226],[56.086,25.218],[56.095,25.215],[56.107,25.212],[56.116,25.214],[56.124,25.218],[56.13,25.232],[56.138,25.233],[56.141,25.235],[56.142,25.245],[56.136,25.262],[56.136,25.267],[56.138,25.27],[56.159,25.274],[56.17,25.278],[56.18,25.294],[56.177,25.297],[56.163,25.296],[56.153,25.299],[56.147,25.307],[56.144,25.309],[56.125,25.306],[56.119,25.307],[56.117,25.308],[56.118,25.311],[56.122,25.317],[56.131,25.32],[56.148,25.334],[56.161,25.335],[56.199,25.326],[56.2,25.323],[56.194,25.314],[56.196,25.311],[56.206,25.308],[56.222,25.308],[56.233,25.311],[56.239,25.314],[56.239,25.319],[56.246,25.32],[56.257,25.326],[56.261,25.33],[56.266,25.356],[56.271,25.362],[56.279,25.367],[56.308,25.376],[56.317,25.381],[56.325,25.386],[56.341,25.405],[56.359,25.42],[56.365,25.42],[56.366,25.422],[56.364,25.422],[56.365,25.427],[56.37,25.428],[56.365,25.43],[56.368,25.429],[56.362,25.429],[56.359,25.433],[56.359,25.447],[56.362,25.44],[56.365,25.44],[56.366,25.442],[56.366,25.446],[56.364,25.447],[56.363,25.446],[56.365,25.445],[56.365,25.442],[56.362,25.442],[56.361,25.448],[56.363,25.464],[56.366,25.463],[56.367,25.464],[56.367,25.466],[56.365,25.464],[56.364,25.465],[56.364,25.467],[56.365,25.469],[56.366,25.469],[56.366,25.468],[56.367,25.469],[56.367,25.47],[56.364,25.47],[56.362,25.466],[56.363,25.48],[56.36,25.489],[56.362,25.491],[56.363,25.499],[56.37,25.519],[56.371,25.519],[56.372,25.521],[56.37,25.519],[56.369,25.522],[56.371,25.522],[56.37,25.525],[56.371,25.528],[56.369,25.526],[56.371,25.528],[56.368,25.532],[56.37,25.532],[56.368,25.532],[56.37,25.535],[56.367,25.538],[56.369,25.535],[56.369,25.533],[56.366,25.537],[56.363,25.535],[56.362,25.536],[56.362,25.543],[56.361,25.542],[56.36,25.543],[56.361,25.543],[56.358,25.545],[56.358,25.548],[56.357,25.547],[56.357,25.549],[56.355,25.552],[56.355,25.556],[56.356,25.557],[56.354,25.558],[56.356,25.56],[56.353,25.562],[56.353,25.568],[56.356,25.586],[56.359,25.587],[56.356,25.586],[56.357,25.588],[56.356,25.588],[56.356,25.593],[56.354,25.596],[56.348,25.597],[56.344,25.601],[56.339,25.602],[56.338,25.605],[56.334,25.605],[56.333,25.602],[56.327,25.603],[56.325,25.605],[56.324,25.607],[56.323,25.605],[56.319,25.608],[56.319,25.606],[56.316,25.607],[56.316,25.61],[56.315,25.608],[56.314,25.611],[56.314,25.609],[56.312,25.609],[56.313,25.61],[56.312,25.609],[56.31,25.611],[56.303,25.61],[56.301,25.613],[56.297,25.616],[56.301,25.612],[56.293,25.608],[56.292,25.611],[56.294,25.613],[56.291,25.611],[56.292,25.607],[56.289,25.607],[56.28,25.614],[56.268,25.605],[56.266,25.606],[56.253,25.602],[56.229,25.61],[56.215,25.612],[56.202,25.612],[56.198,25.62],[56.198,25.634],[56.191,25.648],[56.183,25.655],[56.157,25.661],[56.146,25.65],[56.133,25.646],[56.11,25.647],[56.103,25.645],[56.092,25.637],[56.085,25.635],[56.079,25.637],[56.071,25.645],[56.067,25.644],[56.055,25.634],[56.046,25.629],[56.04,25.624],[56.036,25.61],[56.032,25.605],[56.022,25.601],[56.015,25.6],[56.008,25.596],[55.998,25.596],[55.991,25.6],[55.983,25.601],[55.976,25.6],[55.971,25.597],[55.966,25.591],[55.965,25.577],[55.973,25.553],[55.97,25.547],[55.978,25.525],[55.983,25.492],[55.987,25.49],[55.999,25.489],[56.008,25.485],[56.016,25.485],[56.042,25.488],[56.063,25.486],[56.076,25.49],[56.09,25.501],[56.096,25.503],[56.102,25.502],[56.113,25.492],[56.126,25.476],[56.131,25.472],[56.131,25.466],[56.127,25.457],[56.12,25.447],[56.092,25.422],[56.092,25.417],[56.097,25.411],[56.098,25.404],[56.107,25.399],[56.114,25.399],[56.137,25.405],[56.142,25.405],[56.143,25.404],[56.145,25.377],[56.143,25.368],[56.14,25.361],[56.134,25.359],[56.119,25.365],[56.117,25.364],[56.113,25.359],[56.11,25.35],[56.105,25.346],[56.089,25.34],[56.077,25.341],[56.056,25.351],[56.027,25.355],[56.021,25.358],[56.016,25.364],[56.014,25.371],[56.008,25.377],[56.001,25.381],[55.999,25.368],[55.989,25.348],[55.983,25.332],[56.003,25.322],[56.005,25.319],[56.008,25.308],[56.008,25.303],[55.998,25.293],[55.992,25.293],[55.989,25.292],[55.977,25.282]]]]}},{"type":"Feature","properties":{"name":"Ras al-Khaimah"},"geometry":{"type":"MultiPolygon","coordinates":[[[[55.999,25.859],[56.001,25.86],[55.999,25.857],[56.007,25.872],[56.011,25.882],[56.015,25.887],[56.006,25.889],[56.009,25.887],[56.003,25.868],[55.997,25.856],[55.987,25.847],[55.977,25.831],[55.976,25.831],[55.977,25.83],[55.984,25.838],[55.985,25.839],[55.989,25.845],[55.988,25.845],[55.993,25.851],[55.996,25.852],[55.995,25.853],[55.999,25.856],[55.999,25.859]]],[[[56.106,24.82],[56.124,24.825],[56.142,24.823],[56.167,24.826],[56.204,24.824],[56.206,24.851],[56.259,24.86],[56.267,24.866],[56.272,24.875],[56.27,24.883],[56.263,24.89],[56.253,24.895],[56.234,24.898],[56.214,24.898],[56.204,24.9],[56.184,24.907],[56.176,24.914],[56.172,24.926],[56.173,24.939],[56.177,24.946],[56.192,24.961],[56.193,24.966],[56.192,24.971],[56.184,24.983],[56.177,25.006],[56.172,25.015],[56.155,25.029],[56.151,25.035],[56.149,25.043],[56.151,25.049],[56.156,25.052],[56.164,25.053],[56.161,25.067],[56.152,25.081],[56.151,25.09],[56.154,25.111],[56.161,25.129],[56.166,25.177],[56.166,25.188],[56.163,25.199],[56.159,25.211],[56.155,25.218],[56.156,25.221],[56.198,25.221],[56.204,25.222],[56.213,25.239],[56.209,25.242],[56.208,25.256],[56.201,25.266],[56.197,25.281],[56.197,25.287],[56.206,25.308],[56.196,25.311],[56.194,25.314],[56.2,25.323],[56.199,25.326],[56.161,25.335],[56.148,25.334],[56.131,25.32],[56.122,25.317],[56.118,25.311],[56.117,25.308],[56.119,25.307],[56.125,25.306],[56.144,25.309],[56.147,25.307],[56.153,25.299],[56.163,25.296],[56.177,25.297],[56.18,25.294],[56.17,25.278],[56.159,25.274],[56.138,25.27],[56.136,25.267],[56.136,25.262],[56.142,25.245],[56.141,25.235],[56.138,25.233],[56.13,25.232],[56.124,25.218],[56.116,25.214],[56.107,25.212],[56.095,25.215],[56.086,25.218],[56.077,25.226],[56.072,25.226],[56.062,25.224],[56.052,25.216],[56.047,25.216],[56.04,25.217],[56.033,25.222],[56.022,25.226],[55.996,25.224],[55.986,25.225],[55.986,25.22],[55.984,25.215],[55.955,25.203],[55.952,25.198],[55.951,25.177],[55.955,25.172],[55.971,25.16],[55.981,25.142],[55.98,25.14],[55.976,25.139],[55.972,25.134],[55.97,25.126],[55.946,25.079],[55.951,25.055],[55.948,25.039],[55.951,25.032],[55.959,25.026],[55.972,25.003],[56.007,24.995],[56.03,24.974],[56.045,24.968],[56.042,24.948],[56.059,24.949],[56.041,24.908],[56.042,24.887],[56.051,24.877],[56.062,24.871],[56.057,24.872],[56.063,24.854],[56.085,24.838],[56.101,24.822],[56.106,24.82]]],[[[55.737,25.695],[55.733,25.693],[55.731,25.688],[55.733,25.685],[55.734,25.685],[55.74,25.682],[55.743,25.684],[55.743,25.686],[55.745,25.686],[55.746,25.69],[55.742,25.695],[55.737,25.695]]],[[[56.157,25.661],[56.151,25.663],[56.147,25.666],[56.144,25.676],[56.147,25.702],[56.14,25.722],[56.141,25.735],[56.143,25.74],[56.146,25.744],[56.154,25.751],[56.168,25.759],[56.173,25.769],[56.172,25.775],[56.156,25.788],[56.145,25.806],[56.143,25.816],[56.14,25.821],[56.139,25.833],[56.141,25.839],[56.169,25.868],[56.16,25.876],[56.166,25.885],[56.178,25.893],[56.18,25.909],[56.177,25.914],[56.177,25.918],[56.173,25.919],[56.174,25.923],[56.163,25.942],[56.164,25.947],[56.168,25.948],[56.171,25.947],[56.176,25.951],[56.183,25.953],[56.183,25.959],[56.185,25.961],[56.186,25.968],[56.191,25.972],[56.196,25.979],[56.189,25.983],[56.187,25.987],[56.182,25.991],[56.18,25.996],[56.182,25.998],[56.181,26.003],[56.182,26.015],[56.173,26.025],[56.169,26.036],[56.165,26.041],[56.162,26.056],[56.156,26.068],[56.153,26.07],[56.143,26.069],[56.135,26.057],[56.133,26.056],[56.128,26.057],[56.123,26.051],[56.116,26.051],[56.107,26.055],[56.103,26.053],[56.099,26.053],[56.095,26.051],[56.09,26.051],[56.084,26.049],[56.086,26.049],[56.085,26.044],[56.083,26.044],[56.082,26.049],[56.083,26.044],[56.086,26.044],[56.085,26.041],[56.083,26.041],[56.082,26.044],[56.082,26.041],[56.085,26.04],[56.084,26.037],[56.083,26.031],[56.081,26.031],[56.082,26.03],[56.08,26.03],[56.082,26.03],[56.082,26.027],[56.08,26.027],[56.079,26.031],[56.079,26.028],[56.08,26.027],[56.081,26.026],[56.08,26.018],[56.075,26.002],[56.072,26.001],[56.075,26.001],[56.074,25.999],[56.072,26],[56.071,26.002],[56.071,25.999],[56.074,25.998],[56.071,25.99],[56.067,25.988],[56.062,25.981],[56.057,25.983],[56.05,25.98],[56.053,25.979],[56.058,25.982],[56.059,25.98],[56.054,25.974],[56.046,25.975],[56.047,25.98],[56.046,25.982],[56.046,25.975],[56.053,25.972],[56.051,25.966],[56.06,25.955],[56.06,25.946],[56.058,25.94],[56.055,25.941],[56.058,25.947],[56.056,25.948],[56.057,25.953],[56.055,25.959],[56.047,25.967],[56.05,25.964],[56.048,25.96],[56.048,25.955],[56.044,25.94],[56.027,25.903],[56.017,25.889],[56.008,25.89],[56.018,25.888],[56.021,25.89],[56.029,25.885],[56.03,25.894],[56.04,25.905],[56.038,25.906],[56.038,25.909],[56.045,25.914],[56.051,25.929],[56.05,25.921],[56.047,25.918],[56.053,25.916],[56.056,25.905],[56.06,25.903],[56.06,25.9],[56.056,25.898],[56.053,25.899],[56.05,25.894],[56.048,25.895],[56.047,25.893],[56.051,25.891],[56.051,25.888],[56.05,25.89],[56.04,25.893],[56.037,25.89],[56.037,25.888],[56.035,25.89],[56.036,25.888],[56.036,25.884],[56.033,25.882],[56.024,25.883],[56.024,25.885],[56.016,25.886],[56.006,25.867],[56.007,25.864],[56.009,25.864],[56.005,25.863],[56.002,25.859],[56.006,25.856],[56.004,25.854],[56.001,25.856],[56,25.853],[56.001,25.853],[55.999,25.851],[55.999,25.853],[55.988,25.835],[55.984,25.833],[55.977,25.824],[55.974,25.823],[55.976,25.823],[55.975,25.822],[55.966,25.816],[55.965,25.819],[55.97,25.822],[55.973,25.823],[55.977,25.829],[55.968,25.832],[55.966,25.829],[55.968,25.828],[55.966,25.826],[55.965,25.827],[55.963,25.822],[55.964,25.823],[55.964,25.821],[55.962,25.82],[55.962,25.821],[55.961,25.816],[55.958,25.815],[55.958,25.817],[55.955,25.817],[55.957,25.816],[55.956,25.814],[55.954,25.811],[55.951,25.812],[55.952,25.815],[55.95,25.811],[55.954,25.804],[55.952,25.797],[55.956,25.796],[55.967,25.795],[55.965,25.788],[55.965,25.79],[55.955,25.793],[55.954,25.791],[55.954,25.789],[55.964,25.786],[55.965,25.788],[55.964,25.784],[55.967,25.781],[55.966,25.776],[55.953,25.772],[55.954,25.776],[55.948,25.776],[55.946,25.778],[55.951,25.771],[55.945,25.77],[55.939,25.771],[55.938,25.774],[55.939,25.778],[55.952,25.791],[55.95,25.799],[55.952,25.804],[55.95,25.809],[55.948,25.804],[55.947,25.805],[55.949,25.811],[55.947,25.805],[55.948,25.804],[55.945,25.799],[55.942,25.796],[55.938,25.796],[55.939,25.793],[55.937,25.792],[55.935,25.787],[55.921,25.772],[55.919,25.772],[55.92,25.77],[55.915,25.769],[55.915,25.766],[55.915,25.769],[55.909,25.759],[55.907,25.756],[55.906,25.757],[55.902,25.751],[55.897,25.746],[55.895,25.746],[55.895,25.745],[55.892,25.743],[55.891,25.745],[55.89,25.742],[55.885,25.739],[55.882,25.738],[55.881,25.74],[55.883,25.738],[55.881,25.736],[55.883,25.737],[55.884,25.736],[55.876,25.734],[55.873,25.729],[55.859,25.72],[55.854,25.719],[55.85,25.725],[55.853,25.726],[55.849,25.726],[55.849,25.727],[55.849,25.724],[55.848,25.724],[55.848,25.728],[55.843,25.725],[55.84,25.725],[55.841,25.726],[55.839,25.724],[55.839,25.726],[55.837,25.723],[55.833,25.725],[55.834,25.724],[55.83,25.721],[55.827,25.722],[55.827,25.723],[55.825,25.721],[55.823,25.722],[55.822,25.719],[55.823,25.723],[55.822,25.719],[55.818,25.717],[55.816,25.718],[55.802,25.719],[55.802,25.717],[55.81,25.716],[55.815,25.717],[55.817,25.715],[55.808,25.713],[55.801,25.716],[55.8,25.713],[55.801,25.712],[55.8,25.711],[55.796,25.714],[55.8,25.719],[55.8,25.721],[55.799,25.723],[55.798,25.724],[55.799,25.722],[55.794,25.716],[55.791,25.716],[55.793,25.714],[55.789,25.71],[55.789,25.711],[55.786,25.715],[55.788,25.718],[55.786,25.721],[55.788,25.718],[55.786,25.714],[55.789,25.711],[55.787,25.71],[55.787,25.71],[55.787,25.71],[55.782,25.714],[55.777,25.715],[55.78,25.724],[55.781,25.726],[55.783,25.725],[55.783,25.725],[55.78,25.72],[55.78,25.72],[55.783,25.725],[55.783,25.725],[55.782,25.726],[55.781,25.726],[55.779,25.724],[55.778,25.721],[55.777,25.715],[55.782,25.713],[55.788,25.709],[55.786,25.71],[55.787,25.708],[55.786,25.707],[55.784,25.709],[55.785,25.707],[55.777,25.697],[55.776,25.697],[55.778,25.696],[55.78,25.697],[55.782,25.695],[55.784,25.697],[55.783,25.699],[55.785,25.699],[55.783,25.699],[55.784,25.697],[55.786,25.697],[55.789,25.695],[55.788,25.698],[55.79,25.696],[55.789,25.694],[55.79,25.692],[55.779,25.682],[55.777,25.684],[55.779,25.687],[55.781,25.686],[55.778,25.684],[55.779,25.683],[55.782,25.686],[55.775,25.691],[55.777,25.695],[55.773,25.697],[55.771,25.695],[55.773,25.697],[55.775,25.695],[55.773,25.693],[55.774,25.691],[55.769,25.685],[55.77,25.684],[55.768,25.68],[55.754,25.664],[55.751,25.663],[55.749,25.665],[55.75,25.666],[55.749,25.665],[55.745,25.668],[55.747,25.673],[55.739,25.673],[55.742,25.67],[55.742,25.669],[55.741,25.669],[55.741,25.668],[55.749,25.661],[55.741,25.651],[55.734,25.646],[55.741,25.633],[55.746,25.628],[55.753,25.626],[55.766,25.617],[55.769,25.611],[55.771,25.602],[55.775,25.596],[55.829,25.562],[55.835,25.547],[55.837,25.532],[55.834,25.505],[55.834,25.488],[55.84,25.475],[55.859,25.456],[55.894,25.428],[55.895,25.42],[55.884,25.409],[55.875,25.403],[55.869,25.397],[55.872,25.392],[55.889,25.386],[55.91,25.371],[55.921,25.36],[55.928,25.347],[55.932,25.339],[55.944,25.326],[55.95,25.333],[55.96,25.352],[55.961,25.376],[55.963,25.388],[55.967,25.391],[55.979,25.392],[55.984,25.391],[55.989,25.386],[56.001,25.381],[56.008,25.377],[56.014,25.371],[56.016,25.364],[56.021,25.358],[56.027,25.355],[56.056,25.351],[56.077,25.341],[56.089,25.34],[56.105,25.346],[56.11,25.35],[56.113,25.359],[56.117,25.364],[56.119,25.365],[56.134,25.359],[56.14,25.361],[56.143,25.368],[56.145,25.377],[56.143,25.404],[56.142,25.405],[56.137,25.405],[56.114,25.399],[56.107,25.399],[56.098,25.404],[56.097,25.411],[56.092,25.417],[56.092,25.422],[56.12,25.447],[56.127,25.457],[56.131,25.466],[56.131,25.472],[56.126,25.476],[56.113,25.492],[56.102,25.502],[56.096,25.503],[56.09,25.501],[56.076,25.49],[56.063,25.486],[56.042,25.488],[56.016,25.485],[56.008,25.485],[55.999,25.489],[55.987,25.49],[55.983,25.492],[55.978,25.525],[55.97,25.547],[55.973,25.553],[55.965,25.577],[55.966,25.591],[55.971,25.597],[55.976,25.6],[55.983,25.601],[55.991,25.6],[55.998,25.596],[56.008,25.596],[56.015,25.6],[56.022,25.601],[56.032,25.605],[56.036,25.61],[56.04,25.624],[56.046,25.629],[56.055,25.634],[56.067,25.644],[56.071,25.645],[56.079,25.637],[56.085,25.635],[56.092,25.637],[56.103,25.645],[56.11,25.647],[56.133,25.646],[56.146,25.65],[56.157,25.661]]]]}},{"type":"Feature","properties":{"name":"Sharjah"},"geometry":{"type":"MultiPolygon","coordinates":[[[[56.347,24.929],[56.349,24.934],[56.343,24.94],[56.339,24.941],[56.339,24.944],[56.323,24.972],[56.343,24.972],[56.351,24.977],[56.376,24.981],[56.375,24.981],[56.373,24.991],[56.37,25.017],[56.37,25.027],[56.375,25.029],[56.369,25.027],[56.367,25.03],[56.375,25.03],[56.367,25.03],[56.366,25.034],[56.361,25.068],[56.296,25.083],[56.289,25.084],[56.283,25.079],[56.284,25.073],[56.29,25.067],[56.294,25.058],[56.297,25.049],[56.298,25.029],[56.302,25.023],[56.307,25.022],[56.308,25.016],[56.305,24.993],[56.302,24.987],[56.298,24.982],[56.289,24.978],[56.279,24.976],[56.266,24.974],[56.254,24.977],[56.239,24.985],[56.229,24.996],[56.209,25.022],[56.197,25.027],[56.193,25.032],[56.182,25.051],[56.175,25.053],[56.164,25.053],[56.156,25.052],[56.151,25.049],[56.149,25.043],[56.151,25.035],[56.155,25.029],[56.172,25.015],[56.177,25.006],[56.184,24.983],[56.192,24.971],[56.193,24.966],[56.192,24.961],[56.177,24.946],[56.173,24.939],[56.172,24.926],[56.176,24.914],[56.184,24.907],[56.204,24.9],[56.214,24.898],[56.234,24.898],[56.253,24.895],[56.259,24.902],[56.259,24.915],[56.276,24.914],[56.299,24.906],[56.313,24.907],[56.315,24.91],[56.325,24.911],[56.328,24.929],[56.347,24.929]]],[[[56.27,25.265],[56.272,25.261],[56.274,25.261],[56.277,25.263],[56.282,25.262],[56.284,25.263],[56.289,25.271],[56.294,25.275],[56.293,25.277],[56.287,25.278],[56.281,25.285],[56.276,25.283],[56.27,25.275],[56.272,25.272],[56.27,25.265]]],[[[56.28,25.614],[56.282,25.615],[56.283,25.617],[56.282,25.619],[56.282,25.616],[56.28,25.615],[56.279,25.616],[56.281,25.618],[56.28,25.62],[56.282,25.621],[56.284,25.619],[56.281,25.623],[56.279,25.624],[56.274,25.621],[56.272,25.625],[56.274,25.626],[56.271,25.626],[56.27,25.629],[56.264,25.628],[56.264,25.626],[56.259,25.622],[56.255,25.616],[56.255,25.613],[56.266,25.606],[56.268,25.605],[56.28,25.614]]],[[[55.822,24.791],[55.82,24.799],[55.815,24.799],[55.812,24.911],[55.851,24.966],[55.911,24.966],[55.961,25.006],[55.972,25.003],[55.959,25.026],[55.951,25.032],[55.948,25.039],[55.951,25.055],[55.946,25.079],[55.97,25.126],[55.972,25.134],[55.976,25.139],[55.98,25.14],[55.981,25.142],[55.971,25.16],[55.955,25.172],[55.951,25.177],[55.952,25.198],[55.955,25.203],[55.984,25.215],[55.986,25.22],[55.986,25.225],[55.987,25.234],[55.992,25.25],[55.987,25.266],[55.977,25.282],[55.969,25.288],[55.966,25.293],[55.961,25.304],[55.961,25.309],[55.966,25.319],[55.971,25.324],[55.983,25.332],[55.989,25.348],[55.999,25.368],[56.001,25.381],[55.989,25.386],[55.984,25.391],[55.979,25.392],[55.967,25.391],[55.963,25.388],[55.961,25.376],[55.96,25.352],[55.95,25.333],[55.944,25.326],[55.932,25.339],[55.928,25.347],[55.907,25.349],[55.904,25.346],[55.904,25.343],[55.911,25.331],[55.915,25.311],[55.914,25.303],[55.911,25.298],[55.906,25.294],[55.881,25.288],[55.868,25.28],[55.85,25.276],[55.82,25.277],[55.808,25.281],[55.798,25.289],[55.794,25.308],[55.787,25.318],[55.78,25.354],[55.775,25.36],[55.765,25.367],[55.738,25.381],[55.722,25.394],[55.715,25.409],[55.708,25.417],[55.695,25.416],[55.672,25.422],[55.627,25.439],[55.613,25.446],[55.609,25.45],[55.604,25.46],[55.587,25.469],[55.579,25.471],[55.554,25.486],[55.521,25.519],[55.517,25.512],[55.515,25.511],[55.514,25.513],[55.515,25.509],[55.514,25.509],[55.512,25.511],[55.51,25.503],[55.509,25.503],[55.51,25.508],[55.508,25.509],[55.507,25.502],[55.501,25.501],[55.506,25.509],[55.506,25.504],[55.507,25.51],[55.502,25.503],[55.501,25.501],[55.508,25.502],[55.508,25.501],[55.504,25.5],[55.503,25.5],[55.505,25.5],[55.505,25.497],[55.504,25.498],[55.506,25.496],[55.496,25.481],[55.494,25.48],[55.494,25.481],[55.493,25.48],[55.492,25.482],[55.493,25.48],[55.491,25.479],[55.489,25.482],[55.486,25.476],[55.481,25.475],[55.486,25.473],[55.482,25.466],[55.476,25.469],[55.478,25.478],[55.474,25.461],[55.477,25.459],[55.472,25.451],[55.487,25.442],[55.516,25.446],[55.536,25.447],[55.596,25.425],[55.62,25.421],[55.628,25.415],[55.63,25.411],[55.593,25.368],[55.539,25.363],[55.503,25.357],[55.493,25.359],[55.457,25.376],[55.427,25.394],[55.423,25.399],[55.415,25.39],[55.412,25.39],[55.414,25.389],[55.411,25.388],[55.41,25.389],[55.412,25.391],[55.41,25.39],[55.41,25.389],[55.404,25.383],[55.398,25.38],[55.393,25.376],[55.391,25.376],[55.39,25.378],[55.392,25.374],[55.39,25.372],[55.39,25.374],[55.39,25.367],[55.386,25.362],[55.379,25.357],[55.378,25.35],[55.384,25.346],[55.383,25.339],[55.389,25.333],[55.39,25.33],[55.385,25.325],[55.381,25.325],[55.378,25.323],[55.374,25.321],[55.373,25.315],[55.371,25.314],[55.367,25.316],[55.365,25.319],[55.364,25.322],[55.367,25.327],[55.365,25.326],[55.364,25.323],[55.363,25.328],[55.355,25.329],[55.355,25.328],[55.354,25.329],[55.356,25.326],[55.355,25.317],[55.363,25.312],[55.364,25.308],[55.361,25.307],[55.359,25.308],[55.353,25.316],[55.351,25.316],[55.35,25.313],[55.363,25.298],[55.374,25.297],[55.386,25.302],[55.629,25.21],[55.662,25.053],[55.662,24.998],[55.665,24.993],[55.717,24.835],[55.739,24.753],[55.815,24.787],[55.822,24.789],[55.822,24.791]]],[[[56.206,25.308],[56.197,25.287],[56.197,25.281],[56.201,25.266],[56.208,25.256],[56.246,25.276],[56.251,25.286],[56.251,25.289],[56.24,25.297],[56.242,25.301],[56.233,25.311],[56.222,25.308],[56.206,25.308]]],[[[55.377,25.342],[55.376,25.354],[55.378,25.358],[55.389,25.368],[55.389,25.374],[55.388,25.373],[55.384,25.375],[55.386,25.376],[55.385,25.376],[55.388,25.379],[55.383,25.374],[55.371,25.367],[55.373,25.368],[55.375,25.367],[55.383,25.372],[55.386,25.369],[55.379,25.363],[55.376,25.364],[55.372,25.359],[55.367,25.361],[55.369,25.37],[55.367,25.363],[55.368,25.353],[55.369,25.352],[55.358,25.334],[55.356,25.332],[55.355,25.332],[55.356,25.33],[55.363,25.33],[55.368,25.326],[55.372,25.325],[55.374,25.322],[55.379,25.324],[55.381,25.325],[55.377,25.332],[55.377,25.342]]],[[[56.376,25.315],[56.378,25.322],[56.382,25.324],[56.381,25.326],[56.376,25.331],[56.378,25.336],[56.381,25.335],[56.38,25.338],[56.378,25.339],[56.379,25.341],[56.375,25.341],[56.373,25.343],[56.375,25.345],[56.376,25.344],[56.376,25.349],[56.372,25.35],[56.375,25.354],[56.375,25.356],[56.37,25.363],[56.375,25.355],[56.372,25.353],[56.367,25.36],[56.363,25.358],[56.367,25.351],[56.367,25.349],[56.364,25.35],[56.363,25.349],[56.364,25.348],[56.362,25.347],[56.361,25.348],[56.363,25.349],[56.361,25.348],[56.36,25.35],[56.357,25.35],[56.35,25.358],[56.349,25.364],[56.351,25.373],[56.348,25.375],[56.351,25.373],[56.355,25.375],[56.357,25.374],[56.363,25.39],[56.366,25.391],[56.367,25.394],[56.365,25.391],[56.363,25.391],[56.365,25.392],[56.364,25.394],[56.366,25.393],[56.364,25.395],[56.367,25.408],[56.364,25.419],[56.366,25.419],[56.365,25.42],[56.359,25.42],[56.341,25.405],[56.325,25.386],[56.317,25.381],[56.308,25.376],[56.279,25.367],[56.271,25.362],[56.266,25.356],[56.261,25.33],[56.271,25.328],[56.274,25.322],[56.28,25.321],[56.285,25.315],[56.291,25.318],[56.294,25.316],[56.298,25.32],[56.303,25.32],[56.305,25.31],[56.304,25.304],[56.31,25.304],[56.31,25.301],[56.315,25.296],[56.319,25.302],[56.327,25.302],[56.349,25.307],[56.352,25.303],[56.373,25.315],[56.376,25.315]]]]}},{"type":"Feature","properties":{"name":"Umm al-Quwain"},"geometry":{"type":"MultiPolygon","coordinates":[[[[55.576,25.543],[55.584,25.535],[55.587,25.541],[55.59,25.544],[55.59,25.547],[55.591,25.55],[55.584,25.555],[55.583,25.552],[55.581,25.551],[55.581,25.553],[55.578,25.551],[55.575,25.546],[55.576,25.543]]],[[[55.618,25.572],[55.622,25.575],[55.622,25.578],[55.619,25.573],[55.62,25.576],[55.615,25.586],[55.617,25.586],[55.615,25.587],[55.616,25.587],[55.614,25.587],[55.612,25.586],[55.606,25.574],[55.61,25.571],[55.611,25.572],[55.614,25.572],[55.614,25.573],[55.618,25.572]]],[[[55.734,25.646],[55.727,25.64],[55.716,25.638],[55.717,25.637],[55.71,25.635],[55.71,25.634],[55.71,25.635],[55.713,25.635],[55.711,25.633],[55.712,25.631],[55.71,25.634],[55.711,25.635],[55.709,25.634],[55.709,25.635],[55.698,25.63],[55.695,25.628],[55.694,25.626],[55.695,25.627],[55.697,25.627],[55.699,25.629],[55.701,25.628],[55.697,25.623],[55.695,25.625],[55.696,25.623],[55.683,25.616],[55.683,25.616],[55.681,25.614],[55.678,25.616],[55.678,25.613],[55.671,25.609],[55.671,25.604],[55.665,25.604],[55.666,25.598],[55.662,25.595],[55.664,25.593],[55.652,25.588],[55.65,25.588],[55.649,25.589],[55.65,25.587],[55.648,25.586],[55.646,25.58],[55.647,25.583],[55.649,25.577],[55.648,25.573],[55.65,25.577],[55.652,25.568],[55.65,25.564],[55.648,25.562],[55.647,25.563],[55.645,25.565],[55.647,25.568],[55.643,25.565],[55.64,25.567],[55.641,25.572],[55.637,25.569],[55.634,25.569],[55.639,25.567],[55.641,25.563],[55.64,25.556],[55.644,25.548],[55.647,25.547],[55.646,25.55],[55.643,25.55],[55.643,25.553],[55.648,25.555],[55.652,25.552],[55.658,25.551],[55.657,25.546],[55.65,25.541],[55.647,25.541],[55.649,25.544],[55.642,25.541],[55.634,25.535],[55.631,25.531],[55.624,25.529],[55.617,25.523],[55.607,25.519],[55.603,25.52],[55.607,25.522],[55.605,25.524],[55.607,25.527],[55.615,25.526],[55.617,25.527],[55.617,25.529],[55.616,25.53],[55.615,25.529],[55.614,25.531],[55.617,25.531],[55.617,25.53],[55.622,25.531],[55.624,25.533],[55.627,25.533],[55.626,25.535],[55.627,25.537],[55.633,25.537],[55.633,25.536],[55.633,25.537],[55.626,25.539],[55.608,25.533],[55.598,25.533],[55.583,25.528],[55.579,25.529],[55.571,25.533],[55.568,25.531],[55.566,25.524],[55.564,25.525],[55.564,25.535],[55.56,25.538],[55.56,25.548],[55.564,25.558],[55.567,25.571],[55.564,25.58],[55.565,25.583],[55.566,25.585],[55.568,25.584],[55.568,25.582],[55.576,25.581],[55.579,25.583],[55.583,25.589],[55.582,25.598],[55.58,25.608],[55.578,25.61],[55.58,25.605],[55.576,25.598],[55.57,25.592],[55.558,25.585],[55.546,25.564],[55.544,25.562],[55.542,25.557],[55.541,25.555],[55.539,25.556],[55.541,25.555],[55.54,25.553],[55.538,25.555],[55.539,25.557],[55.537,25.555],[55.538,25.555],[55.539,25.553],[55.536,25.546],[55.521,25.519],[55.554,25.486],[55.579,25.471],[55.587,25.469],[55.604,25.46],[55.609,25.45],[55.613,25.446],[55.627,25.439],[55.672,25.422],[55.695,25.416],[55.708,25.417],[55.715,25.409],[55.722,25.394],[55.738,25.381],[55.765,25.367],[55.775,25.36],[55.78,25.354],[55.787,25.318],[55.794,25.308],[55.798,25.289],[55.808,25.281],[55.82,25.277],[55.85,25.276],[55.868,25.28],[55.881,25.288],[55.906,25.294],[55.911,25.298],[55.914,25.303],[55.915,25.311],[55.911,25.331],[55.904,25.343],[55.904,25.346],[55.907,25.349],[55.928,25.347],[55.921,25.36],[55.91,25.371],[55.889,25.386],[55.872,25.392],[55.869,25.397],[55.875,25.403],[55.884,25.409],[55.895,25.42],[55.894,25.428],[55.859,25.456],[55.84,25.475],[55.834,25.488],[55.834,25.505],[55.837,25.532],[55.835,25.547],[55.829,25.562],[55.775,25.596],[55.771,25.602],[55.769,25.611],[55.766,25.617],[55.753,25.626],[55.746,25.628],[55.741,25.633],[55.734,25.646]]],[[[55.64,25.615],[55.634,25.612],[55.629,25.606],[55.62,25.6],[55.623,25.599],[55.625,25.6],[55.629,25.6],[55.628,25.598],[55.632,25.597],[55.631,25.595],[55.637,25.59],[55.637,25.592],[55.638,25.59],[55.639,25.591],[55.635,25.595],[55.636,25.598],[55.628,25.604],[55.633,25.604],[55.639,25.601],[55.639,25.599],[55.637,25.599],[55.639,25.597],[55.639,25.593],[55.64,25.598],[55.646,25.601],[55.645,25.603],[55.646,25.603],[55.643,25.609],[55.643,25.611],[55.646,25.609],[55.648,25.605],[55.649,25.607],[55.643,25.612],[55.64,25.613],[55.642,25.616],[55.644,25.617],[55.645,25.616],[55.646,25.617],[55.642,25.618],[55.64,25.615]]],[[[55.622,25.605],[55.621,25.609],[55.624,25.611],[55.631,25.609],[55.642,25.619],[55.648,25.618],[55.65,25.609],[55.651,25.611],[55.651,25.617],[55.648,25.62],[55.651,25.618],[55.65,25.62],[55.651,25.619],[55.651,25.62],[55.654,25.62],[55.648,25.621],[55.655,25.621],[55.66,25.623],[55.672,25.627],[55.67,25.627],[55.672,25.628],[55.675,25.628],[55.673,25.629],[55.675,25.63],[55.676,25.628],[55.68,25.633],[55.686,25.636],[55.695,25.646],[55.702,25.648],[55.703,25.651],[55.71,25.652],[55.712,25.654],[55.711,25.653],[55.713,25.653],[55.713,25.656],[55.713,25.654],[55.715,25.655],[55.711,25.657],[55.702,25.651],[55.68,25.633],[55.673,25.63],[55.654,25.622],[55.638,25.621],[55.627,25.616],[55.632,25.618],[55.633,25.617],[55.634,25.618],[55.634,25.617],[55.633,25.616],[55.637,25.618],[55.634,25.618],[55.636,25.618],[55.635,25.619],[55.64,25.619],[55.63,25.614],[55.626,25.614],[55.623,25.615],[55.624,25.615],[55.616,25.613],[55.61,25.608],[55.604,25.606],[55.607,25.61],[55.614,25.614],[55.613,25.615],[55.616,25.614],[55.617,25.614],[55.614,25.615],[55.619,25.615],[55.619,25.618],[55.629,25.618],[55.638,25.622],[55.642,25.621],[55.65,25.623],[55.642,25.624],[55.634,25.621],[55.627,25.621],[55.629,25.62],[55.626,25.621],[55.627,25.622],[55.631,25.621],[55.627,25.622],[55.62,25.619],[55.615,25.617],[55.601,25.606],[55.587,25.588],[55.595,25.592],[55.595,25.595],[55.593,25.592],[55.595,25.597],[55.602,25.605],[55.61,25.603],[55.613,25.605],[55.618,25.602],[55.615,25.605],[55.619,25.605],[55.615,25.605],[55.619,25.606],[55.614,25.606],[55.619,25.609],[55.622,25.605]]]]}}]}